2024-07-14 20:37:13,770 p=253529 u=root n=ansible | [WARNING]: Invalid characters were found in group names but not replaced, use -vvvv to see details

2024-07-14 20:37:13,833 p=253529 u=root n=ansible | ERROR! 'include_tasks' is not a valid attribute for a Play

The error appears to be in '/home/jbent/tassi/scripts/ansible/disable_firewall_selinux.yaml': line 2, column 3, but may
be elsewhere in the file depending on the exact syntax problem.

The offending line appears to be:

---
- name: Include wait_ssh task
  ^ here

2024-07-14 20:37:39,582 p=253564 u=root n=ansible | [WARNING]: Invalid characters were found in group names but not replaced, use -vvvv to see details

2024-07-14 20:37:39,735 p=253564 u=root n=ansible | PLAY [Global Setup] **********************************************************************************************************************************************************************************
2024-07-14 20:37:39,752 p=253564 u=root n=ansible | PLAY [Install BeeGFS] ********************************************************************************************************************************************************************************
2024-07-14 20:37:39,760 p=253564 u=root n=ansible | TASK [Include wait_ssh task] *************************************************************************************************************************************************************************
2024-07-14 20:37:39,775 p=253564 u=root n=ansible | included: /home/jbent/tassi/scripts/ansible/wait_ssh.yaml for gold-beegfs-server
2024-07-14 20:37:39,785 p=253564 u=root n=ansible | TASK [Wait for SSH port to be ready] *****************************************************************************************************************************************************************
2024-07-14 20:37:50,187 p=253564 u=root n=ansible | ok: [gold-beegfs-server -> localhost]
2024-07-14 20:37:50,192 p=253564 u=root n=ansible | TASK [Ping each host to verify connectivity] *********************************************************************************************************************************************************
2024-07-14 20:37:52,325 p=253564 u=root n=ansible | ok: [gold-beegfs-server]
2024-07-14 20:37:52,329 p=253564 u=root n=ansible | TASK [Fail if ping does not succeed] *****************************************************************************************************************************************************************
2024-07-14 20:37:52,344 p=253564 u=root n=ansible | skipping: [gold-beegfs-server]
2024-07-14 20:37:52,348 p=253564 u=root n=ansible | TASK [Wait for system to become reachable] ***********************************************************************************************************************************************************
2024-07-14 20:37:53,605 p=253564 u=root n=ansible | ok: [gold-beegfs-server]
2024-07-14 20:37:53,609 p=253564 u=root n=ansible | TASK [Gather facts] **********************************************************************************************************************************************************************************
2024-07-14 20:37:55,856 p=253564 u=root n=ansible | ok: [gold-beegfs-server]
2024-07-14 20:37:55,864 p=253564 u=root n=ansible | TASK [Include disable firewall and selinux] **********************************************************************************************************************************************************
2024-07-14 20:37:55,889 p=253564 u=root n=ansible | included: /home/jbent/tassi/scripts/ansible/disable_firewall_selinux.yaml for gold-beegfs-server
2024-07-14 20:37:55,902 p=253564 u=root n=ansible | TASK [Include wait_ssh task] *************************************************************************************************************************************************************************
2024-07-14 20:37:55,920 p=253564 u=root n=ansible | included: /home/jbent/tassi/scripts/ansible/wait_ssh.yaml for gold-beegfs-server
2024-07-14 20:37:55,934 p=253564 u=root n=ansible | TASK [Wait for SSH port to be ready] *****************************************************************************************************************************************************************
2024-07-14 20:38:06,190 p=253564 u=root n=ansible | ok: [gold-beegfs-server -> localhost]
2024-07-14 20:38:06,198 p=253564 u=root n=ansible | TASK [Ping each host to verify connectivity] *********************************************************************************************************************************************************
2024-07-14 20:38:07,475 p=253564 u=root n=ansible | ok: [gold-beegfs-server]
2024-07-14 20:38:07,483 p=253564 u=root n=ansible | TASK [Fail if ping does not succeed] *****************************************************************************************************************************************************************
2024-07-14 20:38:07,497 p=253564 u=root n=ansible | skipping: [gold-beegfs-server]
2024-07-14 20:38:07,504 p=253564 u=root n=ansible | TASK [Wait for system to become reachable] ***********************************************************************************************************************************************************
2024-07-14 20:38:08,784 p=253564 u=root n=ansible | ok: [gold-beegfs-server]
2024-07-14 20:38:08,792 p=253564 u=root n=ansible | TASK [Check firewall status] *************************************************************************************************************************************************************************
2024-07-14 20:38:11,989 p=253564 u=root n=ansible | ok: [gold-beegfs-server]
2024-07-14 20:38:12,000 p=253564 u=root n=ansible | TASK [Check SELinux status] **************************************************************************************************************************************************************************
2024-07-14 20:38:13,437 p=253564 u=root n=ansible | ok: [gold-beegfs-server]
2024-07-14 20:38:13,449 p=253564 u=root n=ansible | TASK [Debug SELinux status] **************************************************************************************************************************************************************************
2024-07-14 20:38:13,466 p=253564 u=root n=ansible | ok: [gold-beegfs-server] => {}

MSG:

SELinux status: Disabled

2024-07-14 20:38:13,477 p=253564 u=root n=ansible | TASK [Disable SELinux if it is Enforcing or Permissive] **********************************************************************************************************************************************
2024-07-14 20:38:13,490 p=253564 u=root n=ansible | skipping: [gold-beegfs-server]
2024-07-14 20:38:13,501 p=253564 u=root n=ansible | TASK [Set SELinux to disabled immediately] ***********************************************************************************************************************************************************
2024-07-14 20:38:13,514 p=253564 u=root n=ansible | skipping: [gold-beegfs-server]
2024-07-14 20:38:13,525 p=253564 u=root n=ansible | TASK [Ensure disable_selinux is defined] *************************************************************************************************************************************************************
2024-07-14 20:38:13,558 p=253564 u=root n=ansible | ok: [gold-beegfs-server]
2024-07-14 20:38:13,569 p=253564 u=root n=ansible | TASK [Ensure setenforce_result is defined] ***********************************************************************************************************************************************************
2024-07-14 20:38:13,601 p=253564 u=root n=ansible | ok: [gold-beegfs-server]
2024-07-14 20:38:13,613 p=253564 u=root n=ansible | TASK [Check firewall status] *************************************************************************************************************************************************************************
2024-07-14 20:38:16,730 p=253564 u=root n=ansible | ok: [gold-beegfs-server]
2024-07-14 20:38:16,741 p=253564 u=root n=ansible | TASK [Stop and disable firewall if it is running] ****************************************************************************************************************************************************
2024-07-14 20:38:16,758 p=253564 u=root n=ansible | skipping: [gold-beegfs-server]
2024-07-14 20:38:16,769 p=253564 u=root n=ansible | TASK [Ensure firewall_status is defined] *************************************************************************************************************************************************************
2024-07-14 20:38:16,804 p=253564 u=root n=ansible | ok: [gold-beegfs-server]
2024-07-14 20:38:16,816 p=253564 u=root n=ansible | TASK [Reboot if SELinux or firewall was changed] *****************************************************************************************************************************************************
2024-07-14 20:38:16,830 p=253564 u=root n=ansible | skipping: [gold-beegfs-server]
2024-07-14 20:38:16,864 p=253564 u=root n=ansible | TASK [Wait for ssh after changing selinux setting] ***************************************************************************************************************************************************
2024-07-14 20:38:16,895 p=253564 u=root n=ansible | included: /home/jbent/tassi/scripts/ansible/wait_ssh.yaml for gold-beegfs-server
2024-07-14 20:38:16,915 p=253564 u=root n=ansible | TASK [Wait for SSH port to be ready] *****************************************************************************************************************************************************************
2024-07-14 20:38:27,169 p=253564 u=root n=ansible | ok: [gold-beegfs-server -> localhost]
2024-07-14 20:38:27,181 p=253564 u=root n=ansible | TASK [Ping each host to verify connectivity] *********************************************************************************************************************************************************
2024-07-14 20:38:28,450 p=253564 u=root n=ansible | ok: [gold-beegfs-server]
2024-07-14 20:38:28,462 p=253564 u=root n=ansible | TASK [Fail if ping does not succeed] *****************************************************************************************************************************************************************
2024-07-14 20:38:28,476 p=253564 u=root n=ansible | skipping: [gold-beegfs-server]
2024-07-14 20:38:28,487 p=253564 u=root n=ansible | TASK [Wait for system to become reachable] ***********************************************************************************************************************************************************
2024-07-14 20:38:29,753 p=253564 u=root n=ansible | ok: [gold-beegfs-server]
2024-07-14 20:38:29,764 p=253564 u=root n=ansible | TASK [Verify SELinux is disabled after reboot] *******************************************************************************************************************************************************
2024-07-14 20:38:31,001 p=253564 u=root n=ansible | ok: [gold-beegfs-server]
2024-07-14 20:38:31,013 p=253564 u=root n=ansible | TASK [Assert SELinux is disabled] ********************************************************************************************************************************************************************
2024-07-14 20:38:31,034 p=253564 u=root n=ansible | ok: [gold-beegfs-server] => {
    "changed": false
}

MSG:

All assertions passed

2024-07-14 20:38:31,046 p=253564 u=root n=ansible | TASK [Verify firewall status after reboot] ***********************************************************************************************************************************************************
2024-07-14 20:38:33,917 p=253564 u=root n=ansible | ok: [gold-beegfs-server]
2024-07-14 20:38:33,928 p=253564 u=root n=ansible | TASK [Assert firewall is stopped] ********************************************************************************************************************************************************************
2024-07-14 20:38:33,969 p=253564 u=root n=ansible | ok: [gold-beegfs-server] => {
    "changed": false
}

MSG:

All assertions passed

2024-07-14 20:38:33,980 p=253564 u=root n=ansible | TASK [Remove existing BeeGFS repo files if present] **************************************************************************************************************************************************
2024-07-14 20:38:35,378 p=253564 u=root n=ansible | changed: [gold-beegfs-server] => (item=/etc/yum.repos.d/beegfs.repo)
2024-07-14 20:38:36,589 p=253564 u=root n=ansible | ok: [gold-beegfs-server] => (item=/etc/yum.repos.d/beegfs-*.repo)
2024-07-14 20:38:36,601 p=253564 u=root n=ansible | TASK [Install EPEL repository] ***********************************************************************************************************************************************************************
2024-07-14 20:38:39,622 p=253564 u=root n=ansible | ok: [gold-beegfs-server]
2024-07-14 20:38:39,633 p=253564 u=root n=ansible | TASK [Install yum-utils] *****************************************************************************************************************************************************************************
2024-07-14 20:38:42,344 p=253564 u=root n=ansible | ok: [gold-beegfs-server]
2024-07-14 20:38:42,356 p=253564 u=root n=ansible | TASK [Install rsync on all nodes] ********************************************************************************************************************************************************************
2024-07-14 20:38:45,096 p=253564 u=root n=ansible | ok: [gold-beegfs-server]
2024-07-14 20:38:45,107 p=253564 u=root n=ansible | TASK [Set BeeGFS repository URL] *********************************************************************************************************************************************************************
2024-07-14 20:38:45,121 p=253564 u=root n=ansible | fatal: [gold-beegfs-server]: FAILED! => {}

MSG:

The task includes an option with an undefined variable. The error was: 'system' is undefined

The error appears to be in '/home/jbent/tassi/scripts/ansible/install_beegfs.yaml': line 42, column 7, but may
be elsewhere in the file depending on the exact syntax problem.

The offending line appears to be:


    - name: Set BeeGFS repository URL
      ^ here


2024-07-14 20:38:45,122 p=253564 u=root n=ansible | PLAY RECAP *******************************************************************************************************************************************************************************************
2024-07-14 20:38:45,122 p=253564 u=root n=ansible | gold-beegfs-server         : ok=29   changed=1    unreachable=0    failed=1    skipped=7    rescued=0    ignored=0   
2024-07-14 21:20:31,386 p=255572 u=root n=ansible | PLAY [Global Setup] **********************************************************************************************************************************************************************************
2024-07-14 21:20:31,402 p=255572 u=root n=ansible | PLAY [Install BeeGFS] ********************************************************************************************************************************************************************************
2024-07-14 21:20:31,408 p=255572 u=root n=ansible | TASK [Include wait_ssh task] *************************************************************************************************************************************************************************
2024-07-14 21:20:31,430 p=255572 u=root n=ansible | included: /home/jbent/tassi/scripts/ansible/wait_ssh.yaml for autotest.beegfs.2c2m2s.yaml, /tmp/inventory
2024-07-14 21:20:31,441 p=255572 u=root n=ansible | TASK [Wait for SSH port to be ready] *****************************************************************************************************************************************************************
2024-07-14 21:25:14,563 p=255572 u=root n=ansible |  [ERROR]: User interrupted execution

2024-07-14 21:25:19,280 p=255866 u=root n=ansible | ansible-playbook [core 2.13.13]
  config file = /home/jbent/tassi/scripts/ansible/ansible.cfg
  configured module search path = ['/root/.ansible/plugins/modules', '/usr/share/ansible/plugins/modules']
  ansible python module location = /usr/local/lib/python3.8/site-packages/ansible
  ansible collection location = /root/.ansible/collections:/usr/share/ansible/collections
  executable location = /usr/local/bin/ansible-playbook
  python version = 3.8.17 (default, Oct 17 2023, 14:11:04) [GCC 8.5.0 20210514 (Red Hat 8.5.0-20)]
  jinja version = 3.1.3
  libyaml = True
2024-07-14 21:25:19,280 p=255866 u=root n=ansible | Using /home/jbent/tassi/scripts/ansible/ansible.cfg as config file
2024-07-14 21:25:19,281 p=255866 u=root n=ansible | setting up inventory plugins
2024-07-14 21:25:19,288 p=255866 u=root n=ansible | Unable to parse address from hostname, leaving unchanged: Not a valid network hostname: /tmp/inventory
2024-07-14 21:25:19,288 p=255866 u=root n=ansible | Parsed autotest.beegfs.2c2m2s.yaml,/tmp/inventory inventory source with host_list plugin
2024-07-14 21:25:19,415 p=255866 u=root n=ansible | redirecting (type: callback) ansible.builtin.debug to ansible.posix.debug
2024-07-14 21:25:19,416 p=255866 u=root n=ansible | Loading collection ansible.posix from /usr/local/lib/python3.8/site-packages/ansible_collections/ansible/posix
2024-07-14 21:25:19,417 p=255866 u=root n=ansible | redirecting (type: callback) ansible.builtin.debug to ansible.posix.debug
2024-07-14 21:25:19,420 p=255866 u=root n=ansible | Loading callback plugin ansible.posix.debug of type stdout, v2.0 from /usr/local/lib/python3.8/site-packages/ansible_collections/ansible/posix/plugins/callback/debug.py
2024-07-14 21:25:19,435 p=255866 u=root n=ansible | Skipping callback 'default', as we already have a stdout callback.
2024-07-14 21:25:19,435 p=255866 u=root n=ansible | Skipping callback 'minimal', as we already have a stdout callback.
2024-07-14 21:25:19,435 p=255866 u=root n=ansible | Skipping callback 'oneline', as we already have a stdout callback.
2024-07-14 21:25:19,435 p=255866 u=root n=ansible | PLAYBOOK: install_beegfs_all.yaml ********************************************************************************************************************************************************************
2024-07-14 21:25:19,436 p=255866 u=root n=ansible | 3 plays in install_beegfs_all.yaml
2024-07-14 21:25:19,437 p=255866 u=root n=ansible | PLAY [Global Setup] **********************************************************************************************************************************************************************************
2024-07-14 21:25:19,447 p=255866 u=root n=ansible | META: ran handlers
2024-07-14 21:25:19,449 p=255866 u=root n=ansible | META: ran handlers
2024-07-14 21:25:19,451 p=255866 u=root n=ansible | META: ran handlers
2024-07-14 21:25:19,453 p=255866 u=root n=ansible | PLAY [Install BeeGFS] ********************************************************************************************************************************************************************************
2024-07-14 21:25:19,458 p=255866 u=root n=ansible | META: ran handlers
2024-07-14 21:25:19,460 p=255866 u=root n=ansible | TASK [Include wait_ssh task] *************************************************************************************************************************************************************************
2024-07-14 21:25:19,482 p=255866 u=root n=ansible | included: /home/jbent/tassi/scripts/ansible/wait_ssh.yaml for autotest.beegfs.2c2m2s.yaml, /tmp/inventory
2024-07-14 21:25:19,493 p=255866 u=root n=ansible | TASK [Wait for SSH port to be ready] *****************************************************************************************************************************************************************
2024-07-14 21:25:19,506 p=255886 u=root n=ansible | <localhost> ESTABLISH LOCAL CONNECTION FOR USER: root
2024-07-14 21:25:19,506 p=255886 u=root n=ansible | <localhost> EXEC /bin/sh -c 'echo ~root && sleep 0'
2024-07-14 21:25:19,513 p=255886 u=root n=ansible | <localhost> EXEC /bin/sh -c '( umask 77 && mkdir -p "` echo /root/.ansible/tmp `"&& mkdir "` echo /root/.ansible/tmp/ansible-tmp-1721013919.5129478-255886-44566867968263 `" && echo ansible-tmp-1721013919.5129478-255886-44566867968263="` echo /root/.ansible/tmp/ansible-tmp-1721013919.5129478-255886-44566867968263 `" ) && sleep 0'
2024-07-14 21:25:19,514 p=255887 u=root n=ansible | <localhost> ESTABLISH LOCAL CONNECTION FOR USER: root
2024-07-14 21:25:19,514 p=255887 u=root n=ansible | <localhost> EXEC /bin/sh -c 'echo ~root && sleep 0'
2024-07-14 21:25:19,521 p=255887 u=root n=ansible | <localhost> EXEC /bin/sh -c '( umask 77 && mkdir -p "` echo /root/.ansible/tmp `"&& mkdir "` echo /root/.ansible/tmp/ansible-tmp-1721013919.5211067-255887-213785894320179 `" && echo ansible-tmp-1721013919.5211067-255887-213785894320179="` echo /root/.ansible/tmp/ansible-tmp-1721013919.5211067-255887-213785894320179 `" ) && sleep 0'
2024-07-14 21:25:19,681 p=255886 u=root n=ansible | Using module file /usr/local/lib/python3.8/site-packages/ansible/modules/wait_for.py
2024-07-14 21:25:19,682 p=255887 u=root n=ansible | Using module file /usr/local/lib/python3.8/site-packages/ansible/modules/wait_for.py
2024-07-14 21:25:19,682 p=255886 u=root n=ansible | <localhost> PUT /root/.ansible/tmp/ansible-local-255866bx2fttpq/tmp4xig_365 TO /root/.ansible/tmp/ansible-tmp-1721013919.5129478-255886-44566867968263/AnsiballZ_wait_for.py
2024-07-14 21:25:19,682 p=255887 u=root n=ansible | <localhost> PUT /root/.ansible/tmp/ansible-local-255866bx2fttpq/tmpirrq_923 TO /root/.ansible/tmp/ansible-tmp-1721013919.5211067-255887-213785894320179/AnsiballZ_wait_for.py
2024-07-14 21:25:19,682 p=255886 u=root n=ansible | <localhost> EXEC /bin/sh -c 'chmod u+x /root/.ansible/tmp/ansible-tmp-1721013919.5129478-255886-44566867968263/ /root/.ansible/tmp/ansible-tmp-1721013919.5129478-255886-44566867968263/AnsiballZ_wait_for.py && sleep 0'
2024-07-14 21:25:19,683 p=255887 u=root n=ansible | <localhost> EXEC /bin/sh -c 'chmod u+x /root/.ansible/tmp/ansible-tmp-1721013919.5211067-255887-213785894320179/ /root/.ansible/tmp/ansible-tmp-1721013919.5211067-255887-213785894320179/AnsiballZ_wait_for.py && sleep 0'
2024-07-14 21:25:19,690 p=255886 u=root n=ansible | <localhost> EXEC /bin/sh -c '/usr/bin/python3.8 /root/.ansible/tmp/ansible-tmp-1721013919.5129478-255886-44566867968263/AnsiballZ_wait_for.py && sleep 0'
2024-07-14 21:25:19,690 p=255887 u=root n=ansible | <localhost> EXEC /bin/sh -c '/usr/bin/python3.8 /root/.ansible/tmp/ansible-tmp-1721013919.5211067-255887-213785894320179/AnsiballZ_wait_for.py && sleep 0'
2024-07-14 21:30:20,251 p=255887 u=root n=ansible | <localhost> EXEC /bin/sh -c 'rm -f -r /root/.ansible/tmp/ansible-tmp-1721013919.5211067-255887-213785894320179/ > /dev/null 2>&1 && sleep 0'
2024-07-14 21:30:20,263 p=255866 u=root n=ansible | fatal: [/tmp/inventory -> localhost]: FAILED! => {
    "changed": false,
    "elapsed": 300,
    "invocation": {
        "module_args": {
            "active_connection_states": [
                "ESTABLISHED",
                "FIN_WAIT1",
                "FIN_WAIT2",
                "SYN_RECV",
                "SYN_SENT",
                "TIME_WAIT"
            ],
            "connect_timeout": 5,
            "delay": 10,
            "exclude_hosts": null,
            "host": "/tmp/inventory",
            "msg": null,
            "path": null,
            "port": 22,
            "search_regex": null,
            "sleep": 1,
            "state": "started",
            "timeout": 300
        }
    }
}

MSG:

Timeout when waiting for /tmp/inventory:22

2024-07-14 21:30:20,299 p=255886 u=root n=ansible | <localhost> EXEC /bin/sh -c 'rm -f -r /root/.ansible/tmp/ansible-tmp-1721013919.5129478-255886-44566867968263/ > /dev/null 2>&1 && sleep 0'
2024-07-14 21:30:20,309 p=255866 u=root n=ansible | fatal: [autotest.beegfs.2c2m2s.yaml -> localhost]: FAILED! => {
    "changed": false,
    "elapsed": 300,
    "invocation": {
        "module_args": {
            "active_connection_states": [
                "ESTABLISHED",
                "FIN_WAIT1",
                "FIN_WAIT2",
                "SYN_RECV",
                "SYN_SENT",
                "TIME_WAIT"
            ],
            "connect_timeout": 5,
            "delay": 10,
            "exclude_hosts": null,
            "host": "autotest.beegfs.2c2m2s.yaml",
            "msg": null,
            "path": null,
            "port": 22,
            "search_regex": null,
            "sleep": 1,
            "state": "started",
            "timeout": 300
        }
    }
}

MSG:

Timeout when waiting for autotest.beegfs.2c2m2s.yaml:22

2024-07-14 21:30:20,310 p=255866 u=root n=ansible | PLAY RECAP *******************************************************************************************************************************************************************************************
2024-07-14 21:30:20,310 p=255866 u=root n=ansible | /tmp/inventory             : ok=1    changed=0    unreachable=0    failed=1    skipped=0    rescued=0    ignored=0   
2024-07-14 21:30:20,311 p=255866 u=root n=ansible | autotest.beegfs.2c2m2s.yaml : ok=1    changed=0    unreachable=0    failed=1    skipped=0    rescued=0    ignored=0   
2024-07-15 14:10:29,701 p=298983 u=root n=ansible | ansible-playbook [core 2.13.13]
  config file = /home/jbent/tassi/scripts/ansible/ansible.cfg
  configured module search path = ['/root/.ansible/plugins/modules', '/usr/share/ansible/plugins/modules']
  ansible python module location = /usr/local/lib/python3.8/site-packages/ansible
  ansible collection location = /root/.ansible/collections:/usr/share/ansible/collections
  executable location = /usr/local/bin/ansible-playbook
  python version = 3.8.17 (default, Oct 17 2023, 14:11:04) [GCC 8.5.0 20210514 (Red Hat 8.5.0-20)]
  jinja version = 3.1.3
  libyaml = True
2024-07-15 14:10:29,701 p=298983 u=root n=ansible | Using /home/jbent/tassi/scripts/ansible/ansible.cfg as config file
2024-07-15 14:10:29,701 p=298983 u=root n=ansible | setting up inventory plugins
2024-07-15 14:10:29,708 p=298983 u=root n=ansible | Unable to parse address from hostname, leaving unchanged: Not a valid network hostname: /tmp/inventory.m6ondke4.ini
2024-07-15 14:10:29,709 p=298983 u=root n=ansible | Parsed autotest.beegfs.2c2m2s.yaml,/tmp/inventory.m6ondke4.ini inventory source with host_list plugin
2024-07-15 14:10:29,835 p=298983 u=root n=ansible | redirecting (type: callback) ansible.builtin.debug to ansible.posix.debug
2024-07-15 14:10:29,836 p=298983 u=root n=ansible | Loading collection ansible.posix from /usr/local/lib/python3.8/site-packages/ansible_collections/ansible/posix
2024-07-15 14:10:29,837 p=298983 u=root n=ansible | redirecting (type: callback) ansible.builtin.debug to ansible.posix.debug
2024-07-15 14:10:29,840 p=298983 u=root n=ansible | Loading callback plugin ansible.posix.debug of type stdout, v2.0 from /usr/local/lib/python3.8/site-packages/ansible_collections/ansible/posix/plugins/callback/debug.py
2024-07-15 14:10:29,855 p=298983 u=root n=ansible | Skipping callback 'default', as we already have a stdout callback.
2024-07-15 14:10:29,855 p=298983 u=root n=ansible | Skipping callback 'minimal', as we already have a stdout callback.
2024-07-15 14:10:29,856 p=298983 u=root n=ansible | Skipping callback 'oneline', as we already have a stdout callback.
2024-07-15 14:10:29,856 p=298983 u=root n=ansible | PLAYBOOK: install_beegfs_all.yaml ********************************************************************************************************************************************************************
2024-07-15 14:10:29,856 p=298983 u=root n=ansible | 3 plays in install_beegfs_all.yaml
2024-07-15 14:10:29,857 p=298983 u=root n=ansible | PLAY [Global Setup] **********************************************************************************************************************************************************************************
2024-07-15 14:10:29,867 p=298983 u=root n=ansible | META: ran handlers
2024-07-15 14:10:29,870 p=298983 u=root n=ansible | META: ran handlers
2024-07-15 14:10:29,872 p=298983 u=root n=ansible | META: ran handlers
2024-07-15 14:10:29,873 p=298983 u=root n=ansible | PLAY [Install BeeGFS] ********************************************************************************************************************************************************************************
2024-07-15 14:10:29,878 p=298983 u=root n=ansible | META: ran handlers
2024-07-15 14:10:29,880 p=298983 u=root n=ansible | TASK [Include wait_ssh task] *************************************************************************************************************************************************************************
2024-07-15 14:10:29,902 p=298983 u=root n=ansible | included: /home/jbent/tassi/scripts/ansible/wait_ssh.yaml for autotest.beegfs.2c2m2s.yaml, /tmp/inventory.m6ondke4.ini
2024-07-15 14:10:29,913 p=298983 u=root n=ansible | TASK [Wait for SSH port to be ready] *****************************************************************************************************************************************************************
2024-07-15 14:10:29,926 p=298994 u=root n=ansible | <localhost> ESTABLISH LOCAL CONNECTION FOR USER: root
2024-07-15 14:10:29,926 p=298994 u=root n=ansible | <localhost> EXEC /bin/sh -c 'echo ~root && sleep 0'
2024-07-15 14:10:29,933 p=298994 u=root n=ansible | <localhost> EXEC /bin/sh -c '( umask 77 && mkdir -p "` echo /root/.ansible/tmp `"&& mkdir "` echo /root/.ansible/tmp/ansible-tmp-1721074229.9329932-298994-105748529576318 `" && echo ansible-tmp-1721074229.9329932-298994-105748529576318="` echo /root/.ansible/tmp/ansible-tmp-1721074229.9329932-298994-105748529576318 `" ) && sleep 0'
2024-07-15 14:10:29,934 p=298995 u=root n=ansible | <localhost> ESTABLISH LOCAL CONNECTION FOR USER: root
2024-07-15 14:10:29,934 p=298995 u=root n=ansible | <localhost> EXEC /bin/sh -c 'echo ~root && sleep 0'
2024-07-15 14:10:29,941 p=298995 u=root n=ansible | <localhost> EXEC /bin/sh -c '( umask 77 && mkdir -p "` echo /root/.ansible/tmp `"&& mkdir "` echo /root/.ansible/tmp/ansible-tmp-1721074229.9406128-298995-160329932567795 `" && echo ansible-tmp-1721074229.9406128-298995-160329932567795="` echo /root/.ansible/tmp/ansible-tmp-1721074229.9406128-298995-160329932567795 `" ) && sleep 0'
2024-07-15 14:10:30,092 p=298994 u=root n=ansible | Using module file /usr/local/lib/python3.8/site-packages/ansible/modules/wait_for.py
2024-07-15 14:10:30,093 p=298995 u=root n=ansible | Using module file /usr/local/lib/python3.8/site-packages/ansible/modules/wait_for.py
2024-07-15 14:10:30,093 p=298994 u=root n=ansible | <localhost> PUT /root/.ansible/tmp/ansible-local-298983r196qpw1/tmps2qsswm6 TO /root/.ansible/tmp/ansible-tmp-1721074229.9329932-298994-105748529576318/AnsiballZ_wait_for.py
2024-07-15 14:10:30,094 p=298995 u=root n=ansible | <localhost> PUT /root/.ansible/tmp/ansible-local-298983r196qpw1/tmpmtexpf7t TO /root/.ansible/tmp/ansible-tmp-1721074229.9406128-298995-160329932567795/AnsiballZ_wait_for.py
2024-07-15 14:10:30,094 p=298994 u=root n=ansible | <localhost> EXEC /bin/sh -c 'chmod u+x /root/.ansible/tmp/ansible-tmp-1721074229.9329932-298994-105748529576318/ /root/.ansible/tmp/ansible-tmp-1721074229.9329932-298994-105748529576318/AnsiballZ_wait_for.py && sleep 0'
2024-07-15 14:10:30,094 p=298995 u=root n=ansible | <localhost> EXEC /bin/sh -c 'chmod u+x /root/.ansible/tmp/ansible-tmp-1721074229.9406128-298995-160329932567795/ /root/.ansible/tmp/ansible-tmp-1721074229.9406128-298995-160329932567795/AnsiballZ_wait_for.py && sleep 0'
2024-07-15 14:10:30,101 p=298994 u=root n=ansible | <localhost> EXEC /bin/sh -c '/usr/bin/python3.8 /root/.ansible/tmp/ansible-tmp-1721074229.9329932-298994-105748529576318/AnsiballZ_wait_for.py && sleep 0'
2024-07-15 14:10:30,102 p=298995 u=root n=ansible | <localhost> EXEC /bin/sh -c '/usr/bin/python3.8 /root/.ansible/tmp/ansible-tmp-1721074229.9406128-298995-160329932567795/AnsiballZ_wait_for.py && sleep 0'
2024-07-15 14:15:30,666 p=298994 u=root n=ansible | <localhost> EXEC /bin/sh -c 'rm -f -r /root/.ansible/tmp/ansible-tmp-1721074229.9329932-298994-105748529576318/ > /dev/null 2>&1 && sleep 0'
2024-07-15 14:15:30,677 p=298983 u=root n=ansible | fatal: [autotest.beegfs.2c2m2s.yaml -> localhost]: FAILED! => {
    "changed": false,
    "elapsed": 300,
    "invocation": {
        "module_args": {
            "active_connection_states": [
                "ESTABLISHED",
                "FIN_WAIT1",
                "FIN_WAIT2",
                "SYN_RECV",
                "SYN_SENT",
                "TIME_WAIT"
            ],
            "connect_timeout": 5,
            "delay": 10,
            "exclude_hosts": null,
            "host": "autotest.beegfs.2c2m2s.yaml",
            "msg": null,
            "path": null,
            "port": 22,
            "search_regex": null,
            "sleep": 1,
            "state": "started",
            "timeout": 300
        }
    }
}

MSG:

Timeout when waiting for autotest.beegfs.2c2m2s.yaml:22

2024-07-15 14:15:30,814 p=298995 u=root n=ansible | <localhost> EXEC /bin/sh -c 'rm -f -r /root/.ansible/tmp/ansible-tmp-1721074229.9406128-298995-160329932567795/ > /dev/null 2>&1 && sleep 0'
2024-07-15 14:15:30,824 p=298983 u=root n=ansible | fatal: [/tmp/inventory.m6ondke4.ini -> localhost]: FAILED! => {
    "changed": false,
    "elapsed": 300,
    "invocation": {
        "module_args": {
            "active_connection_states": [
                "ESTABLISHED",
                "FIN_WAIT1",
                "FIN_WAIT2",
                "SYN_RECV",
                "SYN_SENT",
                "TIME_WAIT"
            ],
            "connect_timeout": 5,
            "delay": 10,
            "exclude_hosts": null,
            "host": "/tmp/inventory.m6ondke4.ini",
            "msg": null,
            "path": null,
            "port": 22,
            "search_regex": null,
            "sleep": 1,
            "state": "started",
            "timeout": 300
        }
    }
}

MSG:

Timeout when waiting for /tmp/inventory.m6ondke4.ini:22

2024-07-15 14:15:30,825 p=298983 u=root n=ansible | PLAY RECAP *******************************************************************************************************************************************************************************************
2024-07-15 14:15:30,825 p=298983 u=root n=ansible | /tmp/inventory.m6ondke4.ini : ok=1    changed=0    unreachable=0    failed=1    skipped=0    rescued=0    ignored=0   
2024-07-15 14:15:30,825 p=298983 u=root n=ansible | autotest.beegfs.2c2m2s.yaml : ok=1    changed=0    unreachable=0    failed=1    skipped=0    rescued=0    ignored=0   
2024-07-15 14:55:30,792 p=301360 u=root n=ansible | ansible-playbook [core 2.13.13]
  config file = /home/jbent/tassi/scripts/ansible/ansible.cfg
  configured module search path = ['/root/.ansible/plugins/modules', '/usr/share/ansible/plugins/modules']
  ansible python module location = /usr/local/lib/python3.8/site-packages/ansible
  ansible collection location = /root/.ansible/collections:/usr/share/ansible/collections
  executable location = /usr/local/bin/ansible-playbook
  python version = 3.8.17 (default, Oct 17 2023, 14:11:04) [GCC 8.5.0 20210514 (Red Hat 8.5.0-20)]
  jinja version = 3.1.3
  libyaml = True
2024-07-15 14:55:30,793 p=301360 u=root n=ansible | Using /home/jbent/tassi/scripts/ansible/ansible.cfg as config file
2024-07-15 14:55:30,793 p=301360 u=root n=ansible | setting up inventory plugins
2024-07-15 14:55:30,800 p=301360 u=root n=ansible | host_list declined parsing /tmp/inventory.m6ondke4.ini as it did not pass its verify_file() method
2024-07-15 14:55:30,800 p=301360 u=root n=ansible | script declined parsing /tmp/inventory.m6ondke4.ini as it did not pass its verify_file() method
2024-07-15 14:55:30,800 p=301360 u=root n=ansible | auto declined parsing /tmp/inventory.m6ondke4.ini as it did not pass its verify_file() method
2024-07-15 14:55:30,800 p=301360 u=root n=ansible | yaml declined parsing /tmp/inventory.m6ondke4.ini as it did not pass its verify_file() method
2024-07-15 14:55:30,802 p=301360 u=root n=ansible | Parsed /tmp/inventory.m6ondke4.ini inventory source with ini plugin
2024-07-15 14:55:30,931 p=301360 u=root n=ansible | redirecting (type: callback) ansible.builtin.debug to ansible.posix.debug
2024-07-15 14:55:30,932 p=301360 u=root n=ansible | Loading collection ansible.posix from /usr/local/lib/python3.8/site-packages/ansible_collections/ansible/posix
2024-07-15 14:55:30,933 p=301360 u=root n=ansible | redirecting (type: callback) ansible.builtin.debug to ansible.posix.debug
2024-07-15 14:55:30,936 p=301360 u=root n=ansible | Loading callback plugin ansible.posix.debug of type stdout, v2.0 from /usr/local/lib/python3.8/site-packages/ansible_collections/ansible/posix/plugins/callback/debug.py
2024-07-15 14:55:30,951 p=301360 u=root n=ansible | Skipping callback 'default', as we already have a stdout callback.
2024-07-15 14:55:30,951 p=301360 u=root n=ansible | Skipping callback 'minimal', as we already have a stdout callback.
2024-07-15 14:55:30,951 p=301360 u=root n=ansible | Skipping callback 'oneline', as we already have a stdout callback.
2024-07-15 14:55:30,952 p=301360 u=root n=ansible | PLAYBOOK: install_beegfs_all.yaml ********************************************************************************************************************************************************************
2024-07-15 14:55:30,952 p=301360 u=root n=ansible | 3 plays in install_beegfs_all.yaml
2024-07-15 14:55:30,953 p=301360 u=root n=ansible | PLAY [Global Setup] **********************************************************************************************************************************************************************************
2024-07-15 14:55:30,962 p=301360 u=root n=ansible | META: ran handlers
2024-07-15 14:55:30,965 p=301360 u=root n=ansible | META: ran handlers
2024-07-15 14:55:30,968 p=301360 u=root n=ansible | META: ran handlers
2024-07-15 14:55:30,970 p=301360 u=root n=ansible | PLAY [Install BeeGFS] ********************************************************************************************************************************************************************************
2024-07-15 14:55:30,975 p=301360 u=root n=ansible | META: ran handlers
2024-07-15 14:55:30,978 p=301360 u=root n=ansible | TASK [Include wait_ssh task] *************************************************************************************************************************************************************************
2024-07-15 14:55:30,993 p=301360 u=root n=ansible | included: /home/jbent/tassi/scripts/ansible/wait_ssh.yaml for gold-beegfs-server
2024-07-15 14:55:31,003 p=301360 u=root n=ansible | TASK [Wait for SSH port to be ready] *****************************************************************************************************************************************************************
2024-07-15 14:55:31,015 p=301369 u=root n=ansible | <localhost> ESTABLISH LOCAL CONNECTION FOR USER: root
2024-07-15 14:55:31,016 p=301369 u=root n=ansible | <localhost> EXEC /bin/sh -c 'echo ~root && sleep 0'
2024-07-15 14:55:31,022 p=301369 u=root n=ansible | <localhost> EXEC /bin/sh -c '( umask 77 && mkdir -p "` echo /root/.ansible/tmp `"&& mkdir "` echo /root/.ansible/tmp/ansible-tmp-1721076931.0217118-301369-131097708962855 `" && echo ansible-tmp-1721076931.0217118-301369-131097708962855="` echo /root/.ansible/tmp/ansible-tmp-1721076931.0217118-301369-131097708962855 `" ) && sleep 0'
2024-07-15 14:55:31,182 p=301369 u=root n=ansible | Using module file /usr/local/lib/python3.8/site-packages/ansible/modules/wait_for.py
2024-07-15 14:55:31,183 p=301369 u=root n=ansible | <localhost> PUT /root/.ansible/tmp/ansible-local-30136018f19y4c/tmp6iojhf4i TO /root/.ansible/tmp/ansible-tmp-1721076931.0217118-301369-131097708962855/AnsiballZ_wait_for.py
2024-07-15 14:55:31,183 p=301369 u=root n=ansible | <localhost> EXEC /bin/sh -c 'chmod u+x /root/.ansible/tmp/ansible-tmp-1721076931.0217118-301369-131097708962855/ /root/.ansible/tmp/ansible-tmp-1721076931.0217118-301369-131097708962855/AnsiballZ_wait_for.py && sleep 0'
2024-07-15 14:55:31,191 p=301369 u=root n=ansible | <localhost> EXEC /bin/sh -c '/usr/bin/python3.8 /root/.ansible/tmp/ansible-tmp-1721076931.0217118-301369-131097708962855/AnsiballZ_wait_for.py && sleep 0'
2024-07-15 14:55:41,438 p=301369 u=root n=ansible | <localhost> EXEC /bin/sh -c 'rm -f -r /root/.ansible/tmp/ansible-tmp-1721076931.0217118-301369-131097708962855/ > /dev/null 2>&1 && sleep 0'
2024-07-15 14:55:41,450 p=301360 u=root n=ansible | ok: [gold-beegfs-server -> localhost] => {
    "changed": false,
    "elapsed": 10,
    "invocation": {
        "module_args": {
            "active_connection_states": [
                "ESTABLISHED",
                "FIN_WAIT1",
                "FIN_WAIT2",
                "SYN_RECV",
                "SYN_SENT",
                "TIME_WAIT"
            ],
            "connect_timeout": 5,
            "delay": 10,
            "exclude_hosts": null,
            "host": "gold-beegfs-server",
            "msg": null,
            "path": null,
            "port": 22,
            "search_regex": null,
            "sleep": 1,
            "state": "started",
            "timeout": 300
        }
    },
    "match_groupdict": {},
    "match_groups": [],
    "path": null,
    "port": 22,
    "search_regex": null,
    "state": "started"
}
2024-07-15 14:55:41,455 p=301360 u=root n=ansible | TASK [Ping each host to verify connectivity] *********************************************************************************************************************************************************
2024-07-15 14:55:41,466 p=301399 u=root n=ansible | <gold-beegfs-server> ESTABLISH SSH CONNECTION FOR USER: None
2024-07-15 14:55:41,467 p=301399 u=root n=ansible | <gold-beegfs-server> SSH: EXEC ssh -vvv -o StrictHostKeyChecking=no -o UserKnownHostsFile=/dev/null -o ConnectTimeout=60 -o StrictHostKeyChecking=no -o KbdInteractiveAuthentication=no -o PreferredAuthentications=gssapi-with-mic,gssapi-keyex,hostbased,publickey -o PasswordAuthentication=no -o ConnectTimeout=10 -o StrictHostKeyChecking=no -o UserKnownHostsFile=/dev/null gold-beegfs-server '/bin/sh -c '"'"'echo ~ && sleep 0'"'"''
2024-07-15 14:55:41,966 p=301399 u=root n=ansible | <gold-beegfs-server> (0, b'/root\n', b'OpenSSH_8.0p1, OpenSSL 1.1.1k  FIPS 25 Mar 2021\r\ndebug1: Reading configuration data /root/.ssh/config\r\ndebug1: Reading configuration data /etc/ssh/ssh_config\r\ndebug3: /etc/ssh/ssh_config line 52: Including file /etc/ssh/ssh_config.d/05-redhat.conf depth 0\r\ndebug1: Reading configuration data /etc/ssh/ssh_config.d/05-redhat.conf\r\ndebug2: checking match for \'final all\' host gold-beegfs-server originally gold-beegfs-server\r\ndebug3: /etc/ssh/ssh_config.d/05-redhat.conf line 3: not matched \'final\'\r\ndebug2: match not found\r\ndebug3: /etc/ssh/ssh_config.d/05-redhat.conf line 5: Including file /etc/crypto-policies/back-ends/openssh.config depth 1 (parse only)\r\ndebug1: Reading configuration data /etc/crypto-policies/back-ends/openssh.config\r\ndebug3: gss kex names ok: [gss-curve25519-sha256-,gss-nistp256-sha256-,gss-group14-sha256-,gss-group16-sha512-,gss-gex-sha1-,gss-group14-sha1-]\r\ndebug3: kex names ok: [curve25519-sha256,curve25519-sha256@libssh.org,ecdh-sha2-nistp256,ecdh-sha2-nistp384,ecdh-sha2-nistp521,diffie-hellman-group-exchange-sha256,diffie-hellman-group14-sha256,diffie-hellman-group16-sha512,diffie-hellman-group18-sha512,diffie-hellman-group-exchange-sha1,diffie-hellman-group14-sha1]\r\ndebug1: configuration requests final Match pass\r\ndebug1: re-parsing configuration\r\ndebug1: Reading configuration data /root/.ssh/config\r\ndebug1: Reading configuration data /etc/ssh/ssh_config\r\ndebug3: /etc/ssh/ssh_config line 52: Including file /etc/ssh/ssh_config.d/05-redhat.conf depth 0\r\ndebug1: Reading configuration data /etc/ssh/ssh_config.d/05-redhat.conf\r\ndebug2: checking match for \'final all\' host gold-beegfs-server originally gold-beegfs-server\r\ndebug3: /etc/ssh/ssh_config.d/05-redhat.conf line 3: matched \'final\'\r\ndebug2: match found\r\ndebug3: /etc/ssh/ssh_config.d/05-redhat.conf line 5: Including file /etc/crypto-policies/back-ends/openssh.config depth 1\r\ndebug1: Reading configuration data /etc/crypto-policies/back-ends/openssh.config\r\ndebug3: gss kex names ok: [gss-curve25519-sha256-,gss-nistp256-sha256-,gss-group14-sha256-,gss-group16-sha512-,gss-gex-sha1-,gss-group14-sha1-]\r\ndebug3: kex names ok: [curve25519-sha256,curve25519-sha256@libssh.org,ecdh-sha2-nistp256,ecdh-sha2-nistp384,ecdh-sha2-nistp521,diffie-hellman-group-exchange-sha256,diffie-hellman-group14-sha256,diffie-hellman-group16-sha512,diffie-hellman-group18-sha512,diffie-hellman-group-exchange-sha1,diffie-hellman-group14-sha1]\r\ndebug2: resolving "gold-beegfs-server" port 22\r\ndebug2: ssh_connect_direct\r\ndebug1: Connecting to gold-beegfs-server [192.168.122.218] port 22.\r\ndebug2: fd 3 setting O_NONBLOCK\r\ndebug1: fd 3 clearing O_NONBLOCK\r\ndebug1: Connection established.\r\ndebug3: timeout: 59990 ms remain after connect\r\ndebug1: identity file /root/.ssh/id_rsa type 0\r\ndebug1: identity file /root/.ssh/id_rsa-cert type -1\r\ndebug1: identity file /root/.ssh/id_dsa type -1\r\ndebug1: identity file /root/.ssh/id_dsa-cert type -1\r\ndebug1: identity file /root/.ssh/id_ecdsa type -1\r\ndebug1: identity file /root/.ssh/id_ecdsa-cert type -1\r\ndebug1: identity file /root/.ssh/id_ed25519 type -1\r\ndebug1: identity file /root/.ssh/id_ed25519-cert type -1\r\ndebug1: identity file /root/.ssh/id_xmss type -1\r\ndebug1: identity file /root/.ssh/id_xmss-cert type -1\r\ndebug1: Local version string SSH-2.0-OpenSSH_8.0\r\ndebug1: Remote protocol version 2.0, remote software version OpenSSH_8.0\r\ndebug1: match: OpenSSH_8.0 pat OpenSSH* compat 0x04000000\r\ndebug2: fd 3 setting O_NONBLOCK\r\ndebug1: Authenticating to gold-beegfs-server:22 as \'root\'\r\ndebug3: hostkeys_foreach: reading file "/dev/null"\r\ndebug3: send packet: type 20\r\ndebug1: SSH2_MSG_KEXINIT sent\r\ndebug3: receive packet: type 20\r\ndebug1: SSH2_MSG_KEXINIT received\r\ndebug2: local client KEXINIT proposal\r\ndebug2: KEX algorithms: curve25519-sha256,curve25519-sha256@libssh.org,ecdh-sha2-nistp256,ecdh-sha2-nistp384,ecdh-sha2-nistp521,diffie-hellman-group-exchange-sha256,diffie-hellman-group14-sha256,diffie-hellman-group16-sha512,diffie-hellman-group18-sha512,diffie-hellman-group-exchange-sha1,diffie-hellman-group14-sha1,ext-info-c,kex-strict-c-v00@openssh.com\r\ndebug2: host key algorithms: ecdsa-sha2-nistp256-cert-v01@openssh.com,ecdsa-sha2-nistp384-cert-v01@openssh.com,ecdsa-sha2-nistp521-cert-v01@openssh.com,ssh-ed25519-cert-v01@openssh.com,rsa-sha2-512-cert-v01@openssh.com,rsa-sha2-256-cert-v01@openssh.com,ssh-rsa-cert-v01@openssh.com,ecdsa-sha2-nistp256,ecdsa-sha2-nistp384,ecdsa-sha2-nistp521,ssh-ed25519,rsa-sha2-512,rsa-sha2-256,ssh-rsa\r\ndebug2: ciphers ctos: aes256-gcm@openssh.com,chacha20-poly1305@openssh.com,aes256-ctr,aes256-cbc,aes128-gcm@openssh.com,aes128-ctr,aes128-cbc\r\ndebug2: ciphers stoc: aes256-gcm@openssh.com,chacha20-poly1305@openssh.com,aes256-ctr,aes256-cbc,aes128-gcm@openssh.com,aes128-ctr,aes128-cbc\r\ndebug2: MACs ctos: hmac-sha2-256-etm@openssh.com,hmac-sha1-etm@openssh.com,umac-128-etm@openssh.com,hmac-sha2-512-etm@openssh.com,hmac-sha2-256,hmac-sha1,umac-128@openssh.com,hmac-sha2-512\r\ndebug2: MACs stoc: hmac-sha2-256-etm@openssh.com,hmac-sha1-etm@openssh.com,umac-128-etm@openssh.com,hmac-sha2-512-etm@openssh.com,hmac-sha2-256,hmac-sha1,umac-128@openssh.com,hmac-sha2-512\r\ndebug2: compression ctos: none,zlib@openssh.com,zlib\r\ndebug2: compression stoc: none,zlib@openssh.com,zlib\r\ndebug2: languages ctos: \r\ndebug2: languages stoc: \r\ndebug2: first_kex_follows 0 \r\ndebug2: reserved 0 \r\ndebug2: peer server KEXINIT proposal\r\ndebug2: KEX algorithms: curve25519-sha256,curve25519-sha256@libssh.org,ecdh-sha2-nistp256,ecdh-sha2-nistp384,ecdh-sha2-nistp521,diffie-hellman-group-exchange-sha256,diffie-hellman-group14-sha256,diffie-hellman-group16-sha512,diffie-hellman-group18-sha512,diffie-hellman-group-exchange-sha1,diffie-hellman-group14-sha1,kex-strict-s-v00@openssh.com\r\ndebug2: host key algorithms: rsa-sha2-512,rsa-sha2-256,ssh-rsa,ecdsa-sha2-nistp256,ssh-ed25519\r\ndebug2: ciphers ctos: aes256-gcm@openssh.com,chacha20-poly1305@openssh.com,aes256-ctr,aes256-cbc,aes128-gcm@openssh.com,aes128-ctr,aes128-cbc\r\ndebug2: ciphers stoc: aes256-gcm@openssh.com,chacha20-poly1305@openssh.com,aes256-ctr,aes256-cbc,aes128-gcm@openssh.com,aes128-ctr,aes128-cbc\r\ndebug2: MACs ctos: hmac-sha2-256-etm@openssh.com,hmac-sha1-etm@openssh.com,umac-128-etm@openssh.com,hmac-sha2-512-etm@openssh.com,hmac-sha2-256,hmac-sha1,umac-128@openssh.com,hmac-sha2-512\r\ndebug2: MACs stoc: hmac-sha2-256-etm@openssh.com,hmac-sha1-etm@openssh.com,umac-128-etm@openssh.com,hmac-sha2-512-etm@openssh.com,hmac-sha2-256,hmac-sha1,umac-128@openssh.com,hmac-sha2-512\r\ndebug2: compression ctos: none,zlib@openssh.com\r\ndebug2: compression stoc: none,zlib@openssh.com\r\ndebug2: languages ctos: \r\ndebug2: languages stoc: \r\ndebug2: first_kex_follows 0 \r\ndebug2: reserved 0 \r\ndebug3: will use strict KEX ordering\r\ndebug1: kex: algorithm: curve25519-sha256\r\ndebug1: kex: host key algorithm: ecdsa-sha2-nistp256\r\ndebug1: kex: server->client cipher: aes256-gcm@openssh.com MAC: <implicit> compression: none\r\ndebug1: kex: client->server cipher: aes256-gcm@openssh.com MAC: <implicit> compression: none\r\ndebug1: kex: curve25519-sha256 need=32 dh_need=32\r\ndebug1: kex: curve25519-sha256 need=32 dh_need=32\r\ndebug3: send packet: type 30\r\ndebug1: expecting SSH2_MSG_KEX_ECDH_REPLY\r\ndebug3: receive packet: type 31\r\ndebug1: Server host key: ecdsa-sha2-nistp256 SHA256:KgOkrnh8Vz1T0it58jert8CgVMIte1ye4m0dDqMlhhE\r\ndebug3: hostkeys_foreach: reading file "/dev/null"\r\ndebug3: hostkeys_foreach: reading file "/dev/null"\r\nWarning: Permanently added \'gold-beegfs-server,192.168.122.218\' (ECDSA) to the list of known hosts.\r\ndebug3: send packet: type 21\r\ndebug1: resetting send seqnr 3\r\ndebug2: set_newkeys: mode 1\r\ndebug1: rekey out after 4294967296 blocks\r\ndebug1: SSH2_MSG_NEWKEYS sent\r\ndebug1: expecting SSH2_MSG_NEWKEYS\r\ndebug3: receive packet: type 21\r\ndebug1: resetting read seqnr 3\r\ndebug1: SSH2_MSG_NEWKEYS received\r\ndebug2: set_newkeys: mode 0\r\ndebug1: rekey in after 4294967296 blocks\r\ndebug1: Will attempt key: /root/.ssh/id_rsa RSA SHA256:fhpATtxddz9u1TWmCTUeuZaooCa1Cg8ZaxVanN5Veq8\r\ndebug1: Will attempt key: /root/.ssh/id_dsa \r\ndebug1: Will attempt key: /root/.ssh/id_ecdsa \r\ndebug1: Will attempt key: /root/.ssh/id_ed25519 \r\ndebug1: Will attempt key: /root/.ssh/id_xmss \r\ndebug2: pubkey_prepare: done\r\ndebug3: send packet: type 5\r\ndebug3: receive packet: type 7\r\ndebug1: SSH2_MSG_EXT_INFO received\r\ndebug1: kex_input_ext_info: server-sig-algs=<ssh-ed25519,ssh-rsa,rsa-sha2-256,rsa-sha2-512,ssh-dss,ecdsa-sha2-nistp256,ecdsa-sha2-nistp384,ecdsa-sha2-nistp521>\r\ndebug3: receive packet: type 6\r\ndebug2: service_accept: ssh-userauth\r\ndebug1: SSH2_MSG_SERVICE_ACCEPT received\r\ndebug3: send packet: type 50\r\ndebug3: receive packet: type 51\r\ndebug1: Authentications that can continue: publickey,gssapi-keyex,gssapi-with-mic,password\r\ndebug3: start over, passed a different list publickey,gssapi-keyex,gssapi-with-mic,password\r\ndebug3: preferred gssapi-with-mic,gssapi-keyex,hostbased,publickey\r\ndebug3: authmethod_lookup gssapi-with-mic\r\ndebug3: remaining preferred: gssapi-keyex,hostbased,publickey\r\ndebug3: authmethod_is_enabled gssapi-with-mic\r\ndebug1: Next authentication method: gssapi-with-mic\r\ndebug1: Unspecified GSS failure.  Minor code may provide more information\nNo Kerberos credentials available (default cache: KCM:)\n\n\r\ndebug1: Unspecified GSS failure.  Minor code may provide more information\nNo Kerberos credentials available (default cache: KCM:)\n\n\r\ndebug2: we did not send a packet, disable method\r\ndebug3: authmethod_lookup gssapi-keyex\r\ndebug3: remaining preferred: hostbased,publickey\r\ndebug3: authmethod_lookup publickey\r\ndebug3: remaining preferred: ,publickey\r\ndebug3: authmethod_is_enabled publickey\r\ndebug1: Next authentication method: publickey\r\ndebug1: Offering public key: /root/.ssh/id_rsa RSA SHA256:fhpATtxddz9u1TWmCTUeuZaooCa1Cg8ZaxVanN5Veq8\r\ndebug3: send packet: type 50\r\ndebug2: we sent a publickey packet, wait for reply\r\ndebug3: receive packet: type 60\r\ndebug1: Server accepts key: /root/.ssh/id_rsa RSA SHA256:fhpATtxddz9u1TWmCTUeuZaooCa1Cg8ZaxVanN5Veq8\r\ndebug3: sign_and_send_pubkey: RSA SHA256:fhpATtxddz9u1TWmCTUeuZaooCa1Cg8ZaxVanN5Veq8\r\ndebug3: sign_and_send_pubkey: signing using rsa-sha2-256\r\ndebug3: send packet: type 50\r\ndebug3: receive packet: type 52\r\ndebug1: Authentication succeeded (publickey).\r\nAuthenticated to gold-beegfs-server ([192.168.122.218]:22).\r\ndebug1: channel 0: new [client-session]\r\ndebug3: ssh_session2_open: channel_new: 0\r\ndebug2: channel 0: send open\r\ndebug3: send packet: type 90\r\ndebug1: Requesting no-more-sessions@openssh.com\r\ndebug3: send packet: type 80\r\ndebug1: Entering interactive session.\r\ndebug1: pledge: network\r\ndebug3: receive packet: type 80\r\ndebug1: client_input_global_request: rtype hostkeys-00@openssh.com want_reply 0\r\ndebug3: receive packet: type 4\r\ndebug1: Remote: /root/.ssh/authorized_keys:5: key options: agent-forwarding port-forwarding pty user-rc x11-forwarding\r\ndebug3: receive packet: type 4\r\ndebug1: Remote: /root/.ssh/authorized_keys:5: key options: agent-forwarding port-forwarding pty user-rc x11-forwarding\r\ndebug3: receive packet: type 91\r\ndebug2: channel_input_open_confirmation: channel 0: callback start\r\ndebug2: fd 3 setting TCP_NODELAY\r\ndebug3: ssh_packet_set_tos: set IP_TOS 0x20\r\ndebug2: client_session2_setup: id 0\r\ndebug1: Sending environment.\r\ndebug3: Ignored env LS_COLORS\r\ndebug1: Sending env LANG = en_US.UTF-8\r\ndebug2: channel 0: request env confirm 0\r\ndebug3: send packet: type 98\r\ndebug3: Ignored env HOSTNAME\r\ndebug1: Sending env LC_CTYPE = en_US.UTF-8\r\ndebug2: channel 0: request env confirm 0\r\ndebug3: send packet: type 98\r\ndebug3: Ignored env MAIL\r\ndebug3: Ignored env TERM\r\ndebug3: Ignored env HISTSIZE\r\ndebug3: Ignored env PATH\r\ndebug3: Ignored env LOGNAME\r\ndebug3: Ignored env USER\r\ndebug3: Ignored env HOME\r\ndebug3: Ignored env SHELL\r\ndebug3: Ignored env SUDO_COMMAND\r\ndebug3: Ignored env SUDO_USER\r\ndebug3: Ignored env SUDO_UID\r\ndebug3: Ignored env SUDO_GID\r\ndebug1: Sending command: /bin/sh -c \'echo ~ && sleep 0\'\r\ndebug2: channel 0: request exec confirm 1\r\ndebug3: send packet: type 98\r\ndebug2: channel_input_open_confirmation: channel 0: callback done\r\ndebug2: channel 0: open confirm rwindow 0 rmax 32768\r\ndebug2: channel 0: rcvd adjust 2097152\r\ndebug3: receive packet: type 99\r\ndebug2: channel_input_status_confirm: type 99 id 0\r\ndebug2: exec request accepted on channel 0\r\ndebug3: receive packet: type 96\r\ndebug2: channel 0: rcvd eof\r\ndebug2: channel 0: output open -> drain\r\ndebug2: channel 0: obuf empty\r\ndebug2: channel 0: chan_shutdown_write (i0 o1 sock -1 wfd 5 efd 6 [write])\r\ndebug2: channel 0: output drain -> closed\r\ndebug3: receive packet: type 98\r\ndebug1: client_input_channel_req: channel 0 rtype exit-status reply 0\r\ndebug3: receive packet: type 98\r\ndebug1: client_input_channel_req: channel 0 rtype eow@openssh.com reply 0\r\ndebug2: channel 0: rcvd eow\r\ndebug2: channel 0: chan_shutdown_read (i0 o3 sock -1 wfd 4 efd 6 [write])\r\ndebug2: channel 0: input open -> closed\r\ndebug3: receive packet: type 97\r\ndebug2: channel 0: rcvd close\r\ndebug3: channel 0: will not send data after close\r\ndebug2: channel 0: almost dead\r\ndebug2: channel 0: gc: notify user\r\ndebug2: channel 0: gc: user detached\r\ndebug2: channel 0: send close\r\ndebug3: send packet: type 97\r\ndebug2: channel 0: is dead\r\ndebug2: channel 0: garbage collecting\r\ndebug1: channel 0: free: client-session, nchannels 1\r\ndebug3: channel 0: status: The following connections are open:\r\n  #0 client-session (t4 r0 i3/0 o3/0 e[write]/0 fd -1/-1/6 sock -1 cc -1)\r\n\r\ndebug3: send packet: type 1\r\nTransferred: sent 3260, received 3200 bytes, in 0.2 seconds\r\nBytes per second: sent 20943.2, received 20557.7\r\ndebug1: Exit status 0\r\n')
2024-07-15 14:55:41,967 p=301399 u=root n=ansible | <gold-beegfs-server> ESTABLISH SSH CONNECTION FOR USER: None
2024-07-15 14:55:41,967 p=301399 u=root n=ansible | <gold-beegfs-server> SSH: EXEC ssh -vvv -o StrictHostKeyChecking=no -o UserKnownHostsFile=/dev/null -o ConnectTimeout=60 -o StrictHostKeyChecking=no -o KbdInteractiveAuthentication=no -o PreferredAuthentications=gssapi-with-mic,gssapi-keyex,hostbased,publickey -o PasswordAuthentication=no -o ConnectTimeout=10 -o StrictHostKeyChecking=no -o UserKnownHostsFile=/dev/null gold-beegfs-server '/bin/sh -c '"'"'( umask 77 && mkdir -p "` echo /root/.ansible/tmp `"&& mkdir "` echo /root/.ansible/tmp/ansible-tmp-1721076941.9669428-301399-71615088968052 `" && echo ansible-tmp-1721076941.9669428-301399-71615088968052="` echo /root/.ansible/tmp/ansible-tmp-1721076941.9669428-301399-71615088968052 `" ) && sleep 0'"'"''
2024-07-15 14:55:42,273 p=301399 u=root n=ansible | <gold-beegfs-server> (0, b'ansible-tmp-1721076941.9669428-301399-71615088968052=/root/.ansible/tmp/ansible-tmp-1721076941.9669428-301399-71615088968052\n', b'OpenSSH_8.0p1, OpenSSL 1.1.1k  FIPS 25 Mar 2021\r\ndebug1: Reading configuration data /root/.ssh/config\r\ndebug1: Reading configuration data /etc/ssh/ssh_config\r\ndebug3: /etc/ssh/ssh_config line 52: Including file /etc/ssh/ssh_config.d/05-redhat.conf depth 0\r\ndebug1: Reading configuration data /etc/ssh/ssh_config.d/05-redhat.conf\r\ndebug2: checking match for \'final all\' host gold-beegfs-server originally gold-beegfs-server\r\ndebug3: /etc/ssh/ssh_config.d/05-redhat.conf line 3: not matched \'final\'\r\ndebug2: match not found\r\ndebug3: /etc/ssh/ssh_config.d/05-redhat.conf line 5: Including file /etc/crypto-policies/back-ends/openssh.config depth 1 (parse only)\r\ndebug1: Reading configuration data /etc/crypto-policies/back-ends/openssh.config\r\ndebug3: gss kex names ok: [gss-curve25519-sha256-,gss-nistp256-sha256-,gss-group14-sha256-,gss-group16-sha512-,gss-gex-sha1-,gss-group14-sha1-]\r\ndebug3: kex names ok: [curve25519-sha256,curve25519-sha256@libssh.org,ecdh-sha2-nistp256,ecdh-sha2-nistp384,ecdh-sha2-nistp521,diffie-hellman-group-exchange-sha256,diffie-hellman-group14-sha256,diffie-hellman-group16-sha512,diffie-hellman-group18-sha512,diffie-hellman-group-exchange-sha1,diffie-hellman-group14-sha1]\r\ndebug1: configuration requests final Match pass\r\ndebug1: re-parsing configuration\r\ndebug1: Reading configuration data /root/.ssh/config\r\ndebug1: Reading configuration data /etc/ssh/ssh_config\r\ndebug3: /etc/ssh/ssh_config line 52: Including file /etc/ssh/ssh_config.d/05-redhat.conf depth 0\r\ndebug1: Reading configuration data /etc/ssh/ssh_config.d/05-redhat.conf\r\ndebug2: checking match for \'final all\' host gold-beegfs-server originally gold-beegfs-server\r\ndebug3: /etc/ssh/ssh_config.d/05-redhat.conf line 3: matched \'final\'\r\ndebug2: match found\r\ndebug3: /etc/ssh/ssh_config.d/05-redhat.conf line 5: Including file /etc/crypto-policies/back-ends/openssh.config depth 1\r\ndebug1: Reading configuration data /etc/crypto-policies/back-ends/openssh.config\r\ndebug3: gss kex names ok: [gss-curve25519-sha256-,gss-nistp256-sha256-,gss-group14-sha256-,gss-group16-sha512-,gss-gex-sha1-,gss-group14-sha1-]\r\ndebug3: kex names ok: [curve25519-sha256,curve25519-sha256@libssh.org,ecdh-sha2-nistp256,ecdh-sha2-nistp384,ecdh-sha2-nistp521,diffie-hellman-group-exchange-sha256,diffie-hellman-group14-sha256,diffie-hellman-group16-sha512,diffie-hellman-group18-sha512,diffie-hellman-group-exchange-sha1,diffie-hellman-group14-sha1]\r\ndebug2: resolving "gold-beegfs-server" port 22\r\ndebug2: ssh_connect_direct\r\ndebug1: Connecting to gold-beegfs-server [192.168.122.218] port 22.\r\ndebug2: fd 3 setting O_NONBLOCK\r\ndebug1: fd 3 clearing O_NONBLOCK\r\ndebug1: Connection established.\r\ndebug3: timeout: 59990 ms remain after connect\r\ndebug1: identity file /root/.ssh/id_rsa type 0\r\ndebug1: identity file /root/.ssh/id_rsa-cert type -1\r\ndebug1: identity file /root/.ssh/id_dsa type -1\r\ndebug1: identity file /root/.ssh/id_dsa-cert type -1\r\ndebug1: identity file /root/.ssh/id_ecdsa type -1\r\ndebug1: identity file /root/.ssh/id_ecdsa-cert type -1\r\ndebug1: identity file /root/.ssh/id_ed25519 type -1\r\ndebug1: identity file /root/.ssh/id_ed25519-cert type -1\r\ndebug1: identity file /root/.ssh/id_xmss type -1\r\ndebug1: identity file /root/.ssh/id_xmss-cert type -1\r\ndebug1: Local version string SSH-2.0-OpenSSH_8.0\r\ndebug1: Remote protocol version 2.0, remote software version OpenSSH_8.0\r\ndebug1: match: OpenSSH_8.0 pat OpenSSH* compat 0x04000000\r\ndebug2: fd 3 setting O_NONBLOCK\r\ndebug1: Authenticating to gold-beegfs-server:22 as \'root\'\r\ndebug3: hostkeys_foreach: reading file "/dev/null"\r\ndebug3: send packet: type 20\r\ndebug1: SSH2_MSG_KEXINIT sent\r\ndebug3: receive packet: type 20\r\ndebug1: SSH2_MSG_KEXINIT received\r\ndebug2: local client KEXINIT proposal\r\ndebug2: KEX algorithms: curve25519-sha256,curve25519-sha256@libssh.org,ecdh-sha2-nistp256,ecdh-sha2-nistp384,ecdh-sha2-nistp521,diffie-hellman-group-exchange-sha256,diffie-hellman-group14-sha256,diffie-hellman-group16-sha512,diffie-hellman-group18-sha512,diffie-hellman-group-exchange-sha1,diffie-hellman-group14-sha1,ext-info-c,kex-strict-c-v00@openssh.com\r\ndebug2: host key algorithms: ecdsa-sha2-nistp256-cert-v01@openssh.com,ecdsa-sha2-nistp384-cert-v01@openssh.com,ecdsa-sha2-nistp521-cert-v01@openssh.com,ssh-ed25519-cert-v01@openssh.com,rsa-sha2-512-cert-v01@openssh.com,rsa-sha2-256-cert-v01@openssh.com,ssh-rsa-cert-v01@openssh.com,ecdsa-sha2-nistp256,ecdsa-sha2-nistp384,ecdsa-sha2-nistp521,ssh-ed25519,rsa-sha2-512,rsa-sha2-256,ssh-rsa\r\ndebug2: ciphers ctos: aes256-gcm@openssh.com,chacha20-poly1305@openssh.com,aes256-ctr,aes256-cbc,aes128-gcm@openssh.com,aes128-ctr,aes128-cbc\r\ndebug2: ciphers stoc: aes256-gcm@openssh.com,chacha20-poly1305@openssh.com,aes256-ctr,aes256-cbc,aes128-gcm@openssh.com,aes128-ctr,aes128-cbc\r\ndebug2: MACs ctos: hmac-sha2-256-etm@openssh.com,hmac-sha1-etm@openssh.com,umac-128-etm@openssh.com,hmac-sha2-512-etm@openssh.com,hmac-sha2-256,hmac-sha1,umac-128@openssh.com,hmac-sha2-512\r\ndebug2: MACs stoc: hmac-sha2-256-etm@openssh.com,hmac-sha1-etm@openssh.com,umac-128-etm@openssh.com,hmac-sha2-512-etm@openssh.com,hmac-sha2-256,hmac-sha1,umac-128@openssh.com,hmac-sha2-512\r\ndebug2: compression ctos: none,zlib@openssh.com,zlib\r\ndebug2: compression stoc: none,zlib@openssh.com,zlib\r\ndebug2: languages ctos: \r\ndebug2: languages stoc: \r\ndebug2: first_kex_follows 0 \r\ndebug2: reserved 0 \r\ndebug2: peer server KEXINIT proposal\r\ndebug2: KEX algorithms: curve25519-sha256,curve25519-sha256@libssh.org,ecdh-sha2-nistp256,ecdh-sha2-nistp384,ecdh-sha2-nistp521,diffie-hellman-group-exchange-sha256,diffie-hellman-group14-sha256,diffie-hellman-group16-sha512,diffie-hellman-group18-sha512,diffie-hellman-group-exchange-sha1,diffie-hellman-group14-sha1,kex-strict-s-v00@openssh.com\r\ndebug2: host key algorithms: rsa-sha2-512,rsa-sha2-256,ssh-rsa,ecdsa-sha2-nistp256,ssh-ed25519\r\ndebug2: ciphers ctos: aes256-gcm@openssh.com,chacha20-poly1305@openssh.com,aes256-ctr,aes256-cbc,aes128-gcm@openssh.com,aes128-ctr,aes128-cbc\r\ndebug2: ciphers stoc: aes256-gcm@openssh.com,chacha20-poly1305@openssh.com,aes256-ctr,aes256-cbc,aes128-gcm@openssh.com,aes128-ctr,aes128-cbc\r\ndebug2: MACs ctos: hmac-sha2-256-etm@openssh.com,hmac-sha1-etm@openssh.com,umac-128-etm@openssh.com,hmac-sha2-512-etm@openssh.com,hmac-sha2-256,hmac-sha1,umac-128@openssh.com,hmac-sha2-512\r\ndebug2: MACs stoc: hmac-sha2-256-etm@openssh.com,hmac-sha1-etm@openssh.com,umac-128-etm@openssh.com,hmac-sha2-512-etm@openssh.com,hmac-sha2-256,hmac-sha1,umac-128@openssh.com,hmac-sha2-512\r\ndebug2: compression ctos: none,zlib@openssh.com\r\ndebug2: compression stoc: none,zlib@openssh.com\r\ndebug2: languages ctos: \r\ndebug2: languages stoc: \r\ndebug2: first_kex_follows 0 \r\ndebug2: reserved 0 \r\ndebug3: will use strict KEX ordering\r\ndebug1: kex: algorithm: curve25519-sha256\r\ndebug1: kex: host key algorithm: ecdsa-sha2-nistp256\r\ndebug1: kex: server->client cipher: aes256-gcm@openssh.com MAC: <implicit> compression: none\r\ndebug1: kex: client->server cipher: aes256-gcm@openssh.com MAC: <implicit> compression: none\r\ndebug1: kex: curve25519-sha256 need=32 dh_need=32\r\ndebug1: kex: curve25519-sha256 need=32 dh_need=32\r\ndebug3: send packet: type 30\r\ndebug1: expecting SSH2_MSG_KEX_ECDH_REPLY\r\ndebug3: receive packet: type 31\r\ndebug1: Server host key: ecdsa-sha2-nistp256 SHA256:KgOkrnh8Vz1T0it58jert8CgVMIte1ye4m0dDqMlhhE\r\ndebug3: hostkeys_foreach: reading file "/dev/null"\r\ndebug3: hostkeys_foreach: reading file "/dev/null"\r\nWarning: Permanently added \'gold-beegfs-server,192.168.122.218\' (ECDSA) to the list of known hosts.\r\ndebug3: send packet: type 21\r\ndebug1: resetting send seqnr 3\r\ndebug2: set_newkeys: mode 1\r\ndebug1: rekey out after 4294967296 blocks\r\ndebug1: SSH2_MSG_NEWKEYS sent\r\ndebug1: expecting SSH2_MSG_NEWKEYS\r\ndebug3: receive packet: type 21\r\ndebug1: resetting read seqnr 3\r\ndebug1: SSH2_MSG_NEWKEYS received\r\ndebug2: set_newkeys: mode 0\r\ndebug1: rekey in after 4294967296 blocks\r\ndebug1: Will attempt key: /root/.ssh/id_rsa RSA SHA256:fhpATtxddz9u1TWmCTUeuZaooCa1Cg8ZaxVanN5Veq8\r\ndebug1: Will attempt key: /root/.ssh/id_dsa \r\ndebug1: Will attempt key: /root/.ssh/id_ecdsa \r\ndebug1: Will attempt key: /root/.ssh/id_ed25519 \r\ndebug1: Will attempt key: /root/.ssh/id_xmss \r\ndebug2: pubkey_prepare: done\r\ndebug3: send packet: type 5\r\ndebug3: receive packet: type 7\r\ndebug1: SSH2_MSG_EXT_INFO received\r\ndebug1: kex_input_ext_info: server-sig-algs=<ssh-ed25519,ssh-rsa,rsa-sha2-256,rsa-sha2-512,ssh-dss,ecdsa-sha2-nistp256,ecdsa-sha2-nistp384,ecdsa-sha2-nistp521>\r\ndebug3: receive packet: type 6\r\ndebug2: service_accept: ssh-userauth\r\ndebug1: SSH2_MSG_SERVICE_ACCEPT received\r\ndebug3: send packet: type 50\r\ndebug3: receive packet: type 51\r\ndebug1: Authentications that can continue: publickey,gssapi-keyex,gssapi-with-mic,password\r\ndebug3: start over, passed a different list publickey,gssapi-keyex,gssapi-with-mic,password\r\ndebug3: preferred gssapi-with-mic,gssapi-keyex,hostbased,publickey\r\ndebug3: authmethod_lookup gssapi-with-mic\r\ndebug3: remaining preferred: gssapi-keyex,hostbased,publickey\r\ndebug3: authmethod_is_enabled gssapi-with-mic\r\ndebug1: Next authentication method: gssapi-with-mic\r\ndebug1: Unspecified GSS failure.  Minor code may provide more information\nNo Kerberos credentials available (default cache: KCM:)\n\n\r\ndebug1: Unspecified GSS failure.  Minor code may provide more information\nNo Kerberos credentials available (default cache: KCM:)\n\n\r\ndebug2: we did not send a packet, disable method\r\ndebug3: authmethod_lookup gssapi-keyex\r\ndebug3: remaining preferred: hostbased,publickey\r\ndebug3: authmethod_lookup publickey\r\ndebug3: remaining preferred: ,publickey\r\ndebug3: authmethod_is_enabled publickey\r\ndebug1: Next authentication method: publickey\r\ndebug1: Offering public key: /root/.ssh/id_rsa RSA SHA256:fhpATtxddz9u1TWmCTUeuZaooCa1Cg8ZaxVanN5Veq8\r\ndebug3: send packet: type 50\r\ndebug2: we sent a publickey packet, wait for reply\r\ndebug3: receive packet: type 60\r\ndebug1: Server accepts key: /root/.ssh/id_rsa RSA SHA256:fhpATtxddz9u1TWmCTUeuZaooCa1Cg8ZaxVanN5Veq8\r\ndebug3: sign_and_send_pubkey: RSA SHA256:fhpATtxddz9u1TWmCTUeuZaooCa1Cg8ZaxVanN5Veq8\r\ndebug3: sign_and_send_pubkey: signing using rsa-sha2-256\r\ndebug3: send packet: type 50\r\ndebug3: receive packet: type 52\r\ndebug1: Authentication succeeded (publickey).\r\nAuthenticated to gold-beegfs-server ([192.168.122.218]:22).\r\ndebug1: channel 0: new [client-session]\r\ndebug3: ssh_session2_open: channel_new: 0\r\ndebug2: channel 0: send open\r\ndebug3: send packet: type 90\r\ndebug1: Requesting no-more-sessions@openssh.com\r\ndebug3: send packet: type 80\r\ndebug1: Entering interactive session.\r\ndebug1: pledge: network\r\ndebug3: receive packet: type 80\r\ndebug1: client_input_global_request: rtype hostkeys-00@openssh.com want_reply 0\r\ndebug3: receive packet: type 4\r\ndebug1: Remote: /root/.ssh/authorized_keys:5: key options: agent-forwarding port-forwarding pty user-rc x11-forwarding\r\ndebug3: receive packet: type 4\r\ndebug1: Remote: /root/.ssh/authorized_keys:5: key options: agent-forwarding port-forwarding pty user-rc x11-forwarding\r\ndebug3: receive packet: type 91\r\ndebug2: channel_input_open_confirmation: channel 0: callback start\r\ndebug2: fd 3 setting TCP_NODELAY\r\ndebug3: ssh_packet_set_tos: set IP_TOS 0x20\r\ndebug2: client_session2_setup: id 0\r\ndebug1: Sending environment.\r\ndebug3: Ignored env LS_COLORS\r\ndebug1: Sending env LANG = en_US.UTF-8\r\ndebug2: channel 0: request env confirm 0\r\ndebug3: send packet: type 98\r\ndebug3: Ignored env HOSTNAME\r\ndebug1: Sending env LC_CTYPE = en_US.UTF-8\r\ndebug2: channel 0: request env confirm 0\r\ndebug3: send packet: type 98\r\ndebug3: Ignored env MAIL\r\ndebug3: Ignored env TERM\r\ndebug3: Ignored env HISTSIZE\r\ndebug3: Ignored env PATH\r\ndebug3: Ignored env LOGNAME\r\ndebug3: Ignored env USER\r\ndebug3: Ignored env HOME\r\ndebug3: Ignored env SHELL\r\ndebug3: Ignored env SUDO_COMMAND\r\ndebug3: Ignored env SUDO_USER\r\ndebug3: Ignored env SUDO_UID\r\ndebug3: Ignored env SUDO_GID\r\ndebug1: Sending command: /bin/sh -c \'( umask 77 && mkdir -p "` echo /root/.ansible/tmp `"&& mkdir "` echo /root/.ansible/tmp/ansible-tmp-1721076941.9669428-301399-71615088968052 `" && echo ansible-tmp-1721076941.9669428-301399-71615088968052="` echo /root/.ansible/tmp/ansible-tmp-1721076941.9669428-301399-71615088968052 `" ) && sleep 0\'\r\ndebug2: channel 0: request exec confirm 1\r\ndebug3: send packet: type 98\r\ndebug2: channel_input_open_confirmation: channel 0: callback done\r\ndebug2: channel 0: open confirm rwindow 0 rmax 32768\r\ndebug2: channel 0: rcvd adjust 2097152\r\ndebug3: receive packet: type 99\r\ndebug2: channel_input_status_confirm: type 99 id 0\r\ndebug2: exec request accepted on channel 0\r\ndebug3: receive packet: type 96\r\ndebug2: channel 0: rcvd eof\r\ndebug2: channel 0: output open -> drain\r\ndebug2: channel 0: obuf empty\r\ndebug2: channel 0: chan_shutdown_write (i0 o1 sock -1 wfd 5 efd 6 [write])\r\ndebug2: channel 0: output drain -> closed\r\ndebug3: receive packet: type 98\r\ndebug1: client_input_channel_req: channel 0 rtype exit-status reply 0\r\ndebug3: receive packet: type 98\r\ndebug1: client_input_channel_req: channel 0 rtype eow@openssh.com reply 0\r\ndebug2: channel 0: rcvd eow\r\ndebug2: channel 0: chan_shutdown_read (i0 o3 sock -1 wfd 4 efd 6 [write])\r\ndebug2: channel 0: input open -> closed\r\ndebug3: receive packet: type 97\r\ndebug2: channel 0: rcvd close\r\ndebug3: channel 0: will not send data after close\r\ndebug2: channel 0: almost dead\r\ndebug2: channel 0: gc: notify user\r\ndebug2: channel 0: gc: user detached\r\ndebug2: channel 0: send close\r\ndebug3: send packet: type 97\r\ndebug2: channel 0: is dead\r\ndebug2: channel 0: garbage collecting\r\ndebug1: channel 0: free: client-session, nchannels 1\r\ndebug3: channel 0: status: The following connections are open:\r\n  #0 client-session (t4 r0 i3/0 o3/0 e[write]/0 fd -1/-1/6 sock -1 cc -1)\r\n\r\ndebug3: send packet: type 1\r\nTransferred: sent 3532, received 3312 bytes, in 0.1 seconds\r\nBytes per second: sent 44439.5, received 41671.4\r\ndebug1: Exit status 0\r\n')
2024-07-15 14:55:42,430 p=301399 u=root n=ansible | <gold-beegfs-server> Attempting python interpreter discovery
2024-07-15 14:55:42,431 p=301399 u=root n=ansible | <gold-beegfs-server> ESTABLISH SSH CONNECTION FOR USER: None
2024-07-15 14:55:42,431 p=301399 u=root n=ansible | <gold-beegfs-server> SSH: EXEC ssh -vvv -o StrictHostKeyChecking=no -o UserKnownHostsFile=/dev/null -o ConnectTimeout=60 -o StrictHostKeyChecking=no -o KbdInteractiveAuthentication=no -o PreferredAuthentications=gssapi-with-mic,gssapi-keyex,hostbased,publickey -o PasswordAuthentication=no -o ConnectTimeout=10 -o StrictHostKeyChecking=no -o UserKnownHostsFile=/dev/null gold-beegfs-server '/bin/sh -c '"'"'echo PLATFORM; uname; echo FOUND; command -v '"'"'"'"'"'"'"'"'python3.10'"'"'"'"'"'"'"'"'; command -v '"'"'"'"'"'"'"'"'python3.9'"'"'"'"'"'"'"'"'; command -v '"'"'"'"'"'"'"'"'python3.8'"'"'"'"'"'"'"'"'; command -v '"'"'"'"'"'"'"'"'python3.7'"'"'"'"'"'"'"'"'; command -v '"'"'"'"'"'"'"'"'python3.6'"'"'"'"'"'"'"'"'; command -v '"'"'"'"'"'"'"'"'python3.5'"'"'"'"'"'"'"'"'; command -v '"'"'"'"'"'"'"'"'/usr/bin/python3'"'"'"'"'"'"'"'"'; command -v '"'"'"'"'"'"'"'"'/usr/libexec/platform-python'"'"'"'"'"'"'"'"'; command -v '"'"'"'"'"'"'"'"'python2.7'"'"'"'"'"'"'"'"'; command -v '"'"'"'"'"'"'"'"'/usr/bin/python'"'"'"'"'"'"'"'"'; command -v '"'"'"'"'"'"'"'"'python'"'"'"'"'"'"'"'"'; echo ENDFOUND && sleep 0'"'"''
2024-07-15 14:55:42,734 p=301399 u=root n=ansible | <gold-beegfs-server> (0, b'PLATFORM\nLinux\nFOUND\n/usr/libexec/platform-python\nENDFOUND\n', b'OpenSSH_8.0p1, OpenSSL 1.1.1k  FIPS 25 Mar 2021\r\ndebug1: Reading configuration data /root/.ssh/config\r\ndebug1: Reading configuration data /etc/ssh/ssh_config\r\ndebug3: /etc/ssh/ssh_config line 52: Including file /etc/ssh/ssh_config.d/05-redhat.conf depth 0\r\ndebug1: Reading configuration data /etc/ssh/ssh_config.d/05-redhat.conf\r\ndebug2: checking match for \'final all\' host gold-beegfs-server originally gold-beegfs-server\r\ndebug3: /etc/ssh/ssh_config.d/05-redhat.conf line 3: not matched \'final\'\r\ndebug2: match not found\r\ndebug3: /etc/ssh/ssh_config.d/05-redhat.conf line 5: Including file /etc/crypto-policies/back-ends/openssh.config depth 1 (parse only)\r\ndebug1: Reading configuration data /etc/crypto-policies/back-ends/openssh.config\r\ndebug3: gss kex names ok: [gss-curve25519-sha256-,gss-nistp256-sha256-,gss-group14-sha256-,gss-group16-sha512-,gss-gex-sha1-,gss-group14-sha1-]\r\ndebug3: kex names ok: [curve25519-sha256,curve25519-sha256@libssh.org,ecdh-sha2-nistp256,ecdh-sha2-nistp384,ecdh-sha2-nistp521,diffie-hellman-group-exchange-sha256,diffie-hellman-group14-sha256,diffie-hellman-group16-sha512,diffie-hellman-group18-sha512,diffie-hellman-group-exchange-sha1,diffie-hellman-group14-sha1]\r\ndebug1: configuration requests final Match pass\r\ndebug1: re-parsing configuration\r\ndebug1: Reading configuration data /root/.ssh/config\r\ndebug1: Reading configuration data /etc/ssh/ssh_config\r\ndebug3: /etc/ssh/ssh_config line 52: Including file /etc/ssh/ssh_config.d/05-redhat.conf depth 0\r\ndebug1: Reading configuration data /etc/ssh/ssh_config.d/05-redhat.conf\r\ndebug2: checking match for \'final all\' host gold-beegfs-server originally gold-beegfs-server\r\ndebug3: /etc/ssh/ssh_config.d/05-redhat.conf line 3: matched \'final\'\r\ndebug2: match found\r\ndebug3: /etc/ssh/ssh_config.d/05-redhat.conf line 5: Including file /etc/crypto-policies/back-ends/openssh.config depth 1\r\ndebug1: Reading configuration data /etc/crypto-policies/back-ends/openssh.config\r\ndebug3: gss kex names ok: [gss-curve25519-sha256-,gss-nistp256-sha256-,gss-group14-sha256-,gss-group16-sha512-,gss-gex-sha1-,gss-group14-sha1-]\r\ndebug3: kex names ok: [curve25519-sha256,curve25519-sha256@libssh.org,ecdh-sha2-nistp256,ecdh-sha2-nistp384,ecdh-sha2-nistp521,diffie-hellman-group-exchange-sha256,diffie-hellman-group14-sha256,diffie-hellman-group16-sha512,diffie-hellman-group18-sha512,diffie-hellman-group-exchange-sha1,diffie-hellman-group14-sha1]\r\ndebug2: resolving "gold-beegfs-server" port 22\r\ndebug2: ssh_connect_direct\r\ndebug1: Connecting to gold-beegfs-server [192.168.122.218] port 22.\r\ndebug2: fd 3 setting O_NONBLOCK\r\ndebug1: fd 3 clearing O_NONBLOCK\r\ndebug1: Connection established.\r\ndebug3: timeout: 59990 ms remain after connect\r\ndebug1: identity file /root/.ssh/id_rsa type 0\r\ndebug1: identity file /root/.ssh/id_rsa-cert type -1\r\ndebug1: identity file /root/.ssh/id_dsa type -1\r\ndebug1: identity file /root/.ssh/id_dsa-cert type -1\r\ndebug1: identity file /root/.ssh/id_ecdsa type -1\r\ndebug1: identity file /root/.ssh/id_ecdsa-cert type -1\r\ndebug1: identity file /root/.ssh/id_ed25519 type -1\r\ndebug1: identity file /root/.ssh/id_ed25519-cert type -1\r\ndebug1: identity file /root/.ssh/id_xmss type -1\r\ndebug1: identity file /root/.ssh/id_xmss-cert type -1\r\ndebug1: Local version string SSH-2.0-OpenSSH_8.0\r\ndebug1: Remote protocol version 2.0, remote software version OpenSSH_8.0\r\ndebug1: match: OpenSSH_8.0 pat OpenSSH* compat 0x04000000\r\ndebug2: fd 3 setting O_NONBLOCK\r\ndebug1: Authenticating to gold-beegfs-server:22 as \'root\'\r\ndebug3: hostkeys_foreach: reading file "/dev/null"\r\ndebug3: send packet: type 20\r\ndebug1: SSH2_MSG_KEXINIT sent\r\ndebug3: receive packet: type 20\r\ndebug1: SSH2_MSG_KEXINIT received\r\ndebug2: local client KEXINIT proposal\r\ndebug2: KEX algorithms: curve25519-sha256,curve25519-sha256@libssh.org,ecdh-sha2-nistp256,ecdh-sha2-nistp384,ecdh-sha2-nistp521,diffie-hellman-group-exchange-sha256,diffie-hellman-group14-sha256,diffie-hellman-group16-sha512,diffie-hellman-group18-sha512,diffie-hellman-group-exchange-sha1,diffie-hellman-group14-sha1,ext-info-c,kex-strict-c-v00@openssh.com\r\ndebug2: host key algorithms: ecdsa-sha2-nistp256-cert-v01@openssh.com,ecdsa-sha2-nistp384-cert-v01@openssh.com,ecdsa-sha2-nistp521-cert-v01@openssh.com,ssh-ed25519-cert-v01@openssh.com,rsa-sha2-512-cert-v01@openssh.com,rsa-sha2-256-cert-v01@openssh.com,ssh-rsa-cert-v01@openssh.com,ecdsa-sha2-nistp256,ecdsa-sha2-nistp384,ecdsa-sha2-nistp521,ssh-ed25519,rsa-sha2-512,rsa-sha2-256,ssh-rsa\r\ndebug2: ciphers ctos: aes256-gcm@openssh.com,chacha20-poly1305@openssh.com,aes256-ctr,aes256-cbc,aes128-gcm@openssh.com,aes128-ctr,aes128-cbc\r\ndebug2: ciphers stoc: aes256-gcm@openssh.com,chacha20-poly1305@openssh.com,aes256-ctr,aes256-cbc,aes128-gcm@openssh.com,aes128-ctr,aes128-cbc\r\ndebug2: MACs ctos: hmac-sha2-256-etm@openssh.com,hmac-sha1-etm@openssh.com,umac-128-etm@openssh.com,hmac-sha2-512-etm@openssh.com,hmac-sha2-256,hmac-sha1,umac-128@openssh.com,hmac-sha2-512\r\ndebug2: MACs stoc: hmac-sha2-256-etm@openssh.com,hmac-sha1-etm@openssh.com,umac-128-etm@openssh.com,hmac-sha2-512-etm@openssh.com,hmac-sha2-256,hmac-sha1,umac-128@openssh.com,hmac-sha2-512\r\ndebug2: compression ctos: none,zlib@openssh.com,zlib\r\ndebug2: compression stoc: none,zlib@openssh.com,zlib\r\ndebug2: languages ctos: \r\ndebug2: languages stoc: \r\ndebug2: first_kex_follows 0 \r\ndebug2: reserved 0 \r\ndebug2: peer server KEXINIT proposal\r\ndebug2: KEX algorithms: curve25519-sha256,curve25519-sha256@libssh.org,ecdh-sha2-nistp256,ecdh-sha2-nistp384,ecdh-sha2-nistp521,diffie-hellman-group-exchange-sha256,diffie-hellman-group14-sha256,diffie-hellman-group16-sha512,diffie-hellman-group18-sha512,diffie-hellman-group-exchange-sha1,diffie-hellman-group14-sha1,kex-strict-s-v00@openssh.com\r\ndebug2: host key algorithms: rsa-sha2-512,rsa-sha2-256,ssh-rsa,ecdsa-sha2-nistp256,ssh-ed25519\r\ndebug2: ciphers ctos: aes256-gcm@openssh.com,chacha20-poly1305@openssh.com,aes256-ctr,aes256-cbc,aes128-gcm@openssh.com,aes128-ctr,aes128-cbc\r\ndebug2: ciphers stoc: aes256-gcm@openssh.com,chacha20-poly1305@openssh.com,aes256-ctr,aes256-cbc,aes128-gcm@openssh.com,aes128-ctr,aes128-cbc\r\ndebug2: MACs ctos: hmac-sha2-256-etm@openssh.com,hmac-sha1-etm@openssh.com,umac-128-etm@openssh.com,hmac-sha2-512-etm@openssh.com,hmac-sha2-256,hmac-sha1,umac-128@openssh.com,hmac-sha2-512\r\ndebug2: MACs stoc: hmac-sha2-256-etm@openssh.com,hmac-sha1-etm@openssh.com,umac-128-etm@openssh.com,hmac-sha2-512-etm@openssh.com,hmac-sha2-256,hmac-sha1,umac-128@openssh.com,hmac-sha2-512\r\ndebug2: compression ctos: none,zlib@openssh.com\r\ndebug2: compression stoc: none,zlib@openssh.com\r\ndebug2: languages ctos: \r\ndebug2: languages stoc: \r\ndebug2: first_kex_follows 0 \r\ndebug2: reserved 0 \r\ndebug3: will use strict KEX ordering\r\ndebug1: kex: algorithm: curve25519-sha256\r\ndebug1: kex: host key algorithm: ecdsa-sha2-nistp256\r\ndebug1: kex: server->client cipher: aes256-gcm@openssh.com MAC: <implicit> compression: none\r\ndebug1: kex: client->server cipher: aes256-gcm@openssh.com MAC: <implicit> compression: none\r\ndebug1: kex: curve25519-sha256 need=32 dh_need=32\r\ndebug1: kex: curve25519-sha256 need=32 dh_need=32\r\ndebug3: send packet: type 30\r\ndebug1: expecting SSH2_MSG_KEX_ECDH_REPLY\r\ndebug3: receive packet: type 31\r\ndebug1: Server host key: ecdsa-sha2-nistp256 SHA256:KgOkrnh8Vz1T0it58jert8CgVMIte1ye4m0dDqMlhhE\r\ndebug3: hostkeys_foreach: reading file "/dev/null"\r\ndebug3: hostkeys_foreach: reading file "/dev/null"\r\nWarning: Permanently added \'gold-beegfs-server,192.168.122.218\' (ECDSA) to the list of known hosts.\r\ndebug3: send packet: type 21\r\ndebug1: resetting send seqnr 3\r\ndebug2: set_newkeys: mode 1\r\ndebug1: rekey out after 4294967296 blocks\r\ndebug1: SSH2_MSG_NEWKEYS sent\r\ndebug1: expecting SSH2_MSG_NEWKEYS\r\ndebug3: receive packet: type 21\r\ndebug1: resetting read seqnr 3\r\ndebug1: SSH2_MSG_NEWKEYS received\r\ndebug2: set_newkeys: mode 0\r\ndebug1: rekey in after 4294967296 blocks\r\ndebug1: Will attempt key: /root/.ssh/id_rsa RSA SHA256:fhpATtxddz9u1TWmCTUeuZaooCa1Cg8ZaxVanN5Veq8\r\ndebug1: Will attempt key: /root/.ssh/id_dsa \r\ndebug1: Will attempt key: /root/.ssh/id_ecdsa \r\ndebug1: Will attempt key: /root/.ssh/id_ed25519 \r\ndebug1: Will attempt key: /root/.ssh/id_xmss \r\ndebug2: pubkey_prepare: done\r\ndebug3: send packet: type 5\r\ndebug3: receive packet: type 7\r\ndebug1: SSH2_MSG_EXT_INFO received\r\ndebug1: kex_input_ext_info: server-sig-algs=<ssh-ed25519,ssh-rsa,rsa-sha2-256,rsa-sha2-512,ssh-dss,ecdsa-sha2-nistp256,ecdsa-sha2-nistp384,ecdsa-sha2-nistp521>\r\ndebug3: receive packet: type 6\r\ndebug2: service_accept: ssh-userauth\r\ndebug1: SSH2_MSG_SERVICE_ACCEPT received\r\ndebug3: send packet: type 50\r\ndebug3: receive packet: type 51\r\ndebug1: Authentications that can continue: publickey,gssapi-keyex,gssapi-with-mic,password\r\ndebug3: start over, passed a different list publickey,gssapi-keyex,gssapi-with-mic,password\r\ndebug3: preferred gssapi-with-mic,gssapi-keyex,hostbased,publickey\r\ndebug3: authmethod_lookup gssapi-with-mic\r\ndebug3: remaining preferred: gssapi-keyex,hostbased,publickey\r\ndebug3: authmethod_is_enabled gssapi-with-mic\r\ndebug1: Next authentication method: gssapi-with-mic\r\ndebug1: Unspecified GSS failure.  Minor code may provide more information\nNo Kerberos credentials available (default cache: KCM:)\n\n\r\ndebug1: Unspecified GSS failure.  Minor code may provide more information\nNo Kerberos credentials available (default cache: KCM:)\n\n\r\ndebug2: we did not send a packet, disable method\r\ndebug3: authmethod_lookup gssapi-keyex\r\ndebug3: remaining preferred: hostbased,publickey\r\ndebug3: authmethod_lookup publickey\r\ndebug3: remaining preferred: ,publickey\r\ndebug3: authmethod_is_enabled publickey\r\ndebug1: Next authentication method: publickey\r\ndebug1: Offering public key: /root/.ssh/id_rsa RSA SHA256:fhpATtxddz9u1TWmCTUeuZaooCa1Cg8ZaxVanN5Veq8\r\ndebug3: send packet: type 50\r\ndebug2: we sent a publickey packet, wait for reply\r\ndebug3: receive packet: type 60\r\ndebug1: Server accepts key: /root/.ssh/id_rsa RSA SHA256:fhpATtxddz9u1TWmCTUeuZaooCa1Cg8ZaxVanN5Veq8\r\ndebug3: sign_and_send_pubkey: RSA SHA256:fhpATtxddz9u1TWmCTUeuZaooCa1Cg8ZaxVanN5Veq8\r\ndebug3: sign_and_send_pubkey: signing using rsa-sha2-256\r\ndebug3: send packet: type 50\r\ndebug3: receive packet: type 52\r\ndebug1: Authentication succeeded (publickey).\r\nAuthenticated to gold-beegfs-server ([192.168.122.218]:22).\r\ndebug1: channel 0: new [client-session]\r\ndebug3: ssh_session2_open: channel_new: 0\r\ndebug2: channel 0: send open\r\ndebug3: send packet: type 90\r\ndebug1: Requesting no-more-sessions@openssh.com\r\ndebug3: send packet: type 80\r\ndebug1: Entering interactive session.\r\ndebug1: pledge: network\r\ndebug3: receive packet: type 80\r\ndebug1: client_input_global_request: rtype hostkeys-00@openssh.com want_reply 0\r\ndebug3: receive packet: type 4\r\ndebug1: Remote: /root/.ssh/authorized_keys:5: key options: agent-forwarding port-forwarding pty user-rc x11-forwarding\r\ndebug3: receive packet: type 4\r\ndebug1: Remote: /root/.ssh/authorized_keys:5: key options: agent-forwarding port-forwarding pty user-rc x11-forwarding\r\ndebug3: receive packet: type 91\r\ndebug2: channel_input_open_confirmation: channel 0: callback start\r\ndebug2: fd 3 setting TCP_NODELAY\r\ndebug3: ssh_packet_set_tos: set IP_TOS 0x20\r\ndebug2: client_session2_setup: id 0\r\ndebug1: Sending environment.\r\ndebug3: Ignored env LS_COLORS\r\ndebug1: Sending env LANG = en_US.UTF-8\r\ndebug2: channel 0: request env confirm 0\r\ndebug3: send packet: type 98\r\ndebug3: Ignored env HOSTNAME\r\ndebug1: Sending env LC_CTYPE = en_US.UTF-8\r\ndebug2: channel 0: request env confirm 0\r\ndebug3: send packet: type 98\r\ndebug3: Ignored env MAIL\r\ndebug3: Ignored env TERM\r\ndebug3: Ignored env HISTSIZE\r\ndebug3: Ignored env PATH\r\ndebug3: Ignored env LOGNAME\r\ndebug3: Ignored env USER\r\ndebug3: Ignored env HOME\r\ndebug3: Ignored env SHELL\r\ndebug3: Ignored env SUDO_COMMAND\r\ndebug3: Ignored env SUDO_USER\r\ndebug3: Ignored env SUDO_UID\r\ndebug3: Ignored env SUDO_GID\r\ndebug1: Sending command: /bin/sh -c \'echo PLATFORM; uname; echo FOUND; command -v \'"\'"\'python3.10\'"\'"\'; command -v \'"\'"\'python3.9\'"\'"\'; command -v \'"\'"\'python3.8\'"\'"\'; command -v \'"\'"\'python3.7\'"\'"\'; command -v \'"\'"\'python3.6\'"\'"\'; command -v \'"\'"\'python3.5\'"\'"\'; command -v \'"\'"\'/usr/bin/python3\'"\'"\'; command -v \'"\'"\'/usr/libexec/platform-python\'"\'"\'; command -v \'"\'"\'python2.7\'"\'"\'; command -v \'"\'"\'/usr/bin/python\'"\'"\'; command -v \'"\'"\'python\'"\'"\'; echo ENDFOUND && sleep 0\'\r\ndebug2: channel 0: request exec confirm 1\r\ndebug3: send packet: type 98\r\ndebug2: channel_input_open_confirmation: channel 0: callback done\r\ndebug2: channel 0: open confirm rwindow 0 rmax 32768\r\ndebug2: channel 0: rcvd adjust 2097152\r\ndebug3: receive packet: type 99\r\ndebug2: channel_input_status_confirm: type 99 id 0\r\ndebug2: exec request accepted on channel 0\r\ndebug3: receive packet: type 98\r\ndebug1: client_input_channel_req: channel 0 rtype exit-status reply 0\r\ndebug3: receive packet: type 98\r\ndebug1: client_input_channel_req: channel 0 rtype eow@openssh.com reply 0\r\ndebug2: channel 0: rcvd eow\r\ndebug2: channel 0: chan_shutdown_read (i0 o0 sock -1 wfd 4 efd 6 [write])\r\ndebug2: channel 0: input open -> closed\r\ndebug3: receive packet: type 96\r\ndebug2: channel 0: rcvd eof\r\ndebug2: channel 0: output open -> drain\r\ndebug2: channel 0: obuf empty\r\ndebug2: channel 0: chan_shutdown_write (i3 o1 sock -1 wfd 5 efd 6 [write])\r\ndebug2: channel 0: output drain -> closed\r\ndebug3: receive packet: type 97\r\ndebug2: channel 0: rcvd close\r\ndebug3: channel 0: will not send data after close\r\ndebug2: channel 0: almost dead\r\ndebug2: channel 0: gc: notify user\r\ndebug2: channel 0: gc: user detached\r\ndebug2: channel 0: send close\r\ndebug3: send packet: type 97\r\ndebug2: channel 0: is dead\r\ndebug2: channel 0: garbage collecting\r\ndebug1: channel 0: free: client-session, nchannels 1\r\ndebug3: channel 0: status: The following connections are open:\r\n  #0 client-session (t4 r0 i3/0 o3/0 e[write]/0 fd -1/-1/6 sock -1 cc -1)\r\n\r\ndebug3: send packet: type 1\r\nTransferred: sent 3676, received 3360 bytes, in 0.1 seconds\r\nBytes per second: sent 48848.6, received 44649.4\r\ndebug1: Exit status 0\r\n')
2024-07-15 14:55:42,735 p=301399 u=root n=ansible | <gold-beegfs-server> ESTABLISH SSH CONNECTION FOR USER: None
2024-07-15 14:55:42,736 p=301399 u=root n=ansible | <gold-beegfs-server> SSH: EXEC ssh -vvv -o StrictHostKeyChecking=no -o UserKnownHostsFile=/dev/null -o ConnectTimeout=60 -o StrictHostKeyChecking=no -o KbdInteractiveAuthentication=no -o PreferredAuthentications=gssapi-with-mic,gssapi-keyex,hostbased,publickey -o PasswordAuthentication=no -o ConnectTimeout=10 -o StrictHostKeyChecking=no -o UserKnownHostsFile=/dev/null gold-beegfs-server '/bin/sh -c '"'"'/usr/libexec/platform-python && sleep 0'"'"''
2024-07-15 14:55:45,857 p=301360 u=root n=ansible |  [ERROR]: User interrupted execution

2024-07-15 14:56:31,999 p=301472 u=root n=ansible | ansible-playbook [core 2.13.13]
  config file = /home/jbent/tassi/scripts/ansible/ansible.cfg
  configured module search path = ['/root/.ansible/plugins/modules', '/usr/share/ansible/plugins/modules']
  ansible python module location = /usr/local/lib/python3.8/site-packages/ansible
  ansible collection location = /root/.ansible/collections:/usr/share/ansible/collections
  executable location = /usr/local/bin/ansible-playbook
  python version = 3.8.17 (default, Oct 17 2023, 14:11:04) [GCC 8.5.0 20210514 (Red Hat 8.5.0-20)]
  jinja version = 3.1.3
  libyaml = True
2024-07-15 14:56:31,999 p=301472 u=root n=ansible | Using /home/jbent/tassi/scripts/ansible/ansible.cfg as config file
2024-07-15 14:56:32,000 p=301472 u=root n=ansible | setting up inventory plugins
2024-07-15 14:56:32,006 p=301472 u=root n=ansible | host_list declined parsing /home/jbent/tassi/scripts/ansible/autotest.beegfs.2c2m2s.yaml as it did not pass its verify_file() method
2024-07-15 14:56:32,006 p=301472 u=root n=ansible | script declined parsing /home/jbent/tassi/scripts/ansible/autotest.beegfs.2c2m2s.yaml as it did not pass its verify_file() method
2024-07-15 14:56:32,014 p=301472 u=root n=ansible | Skipping empty key (vars) in group (servers)
2024-07-15 14:56:32,014 p=301472 u=root n=ansible | Parsed /home/jbent/tassi/scripts/ansible/autotest.beegfs.2c2m2s.yaml inventory source with yaml plugin
2024-07-15 14:56:32,015 p=301472 u=root n=ansible | setting up inventory plugins
2024-07-15 14:56:32,016 p=301472 u=root n=ansible | host_list declined parsing /tmp/inventory.m6ondke4.ini as it did not pass its verify_file() method
2024-07-15 14:56:32,016 p=301472 u=root n=ansible | script declined parsing /tmp/inventory.m6ondke4.ini as it did not pass its verify_file() method
2024-07-15 14:56:32,016 p=301472 u=root n=ansible | auto declined parsing /tmp/inventory.m6ondke4.ini as it did not pass its verify_file() method
2024-07-15 14:56:32,016 p=301472 u=root n=ansible | yaml declined parsing /tmp/inventory.m6ondke4.ini as it did not pass its verify_file() method
2024-07-15 14:56:32,018 p=301472 u=root n=ansible | Parsed /tmp/inventory.m6ondke4.ini inventory source with ini plugin
2024-07-15 14:56:32,152 p=301472 u=root n=ansible | redirecting (type: callback) ansible.builtin.debug to ansible.posix.debug
2024-07-15 14:56:32,152 p=301472 u=root n=ansible | Loading collection ansible.posix from /usr/local/lib/python3.8/site-packages/ansible_collections/ansible/posix
2024-07-15 14:56:32,153 p=301472 u=root n=ansible | redirecting (type: callback) ansible.builtin.debug to ansible.posix.debug
2024-07-15 14:56:32,157 p=301472 u=root n=ansible | Loading callback plugin ansible.posix.debug of type stdout, v2.0 from /usr/local/lib/python3.8/site-packages/ansible_collections/ansible/posix/plugins/callback/debug.py
2024-07-15 14:56:32,172 p=301472 u=root n=ansible | Skipping callback 'default', as we already have a stdout callback.
2024-07-15 14:56:32,172 p=301472 u=root n=ansible | Skipping callback 'minimal', as we already have a stdout callback.
2024-07-15 14:56:32,172 p=301472 u=root n=ansible | Skipping callback 'oneline', as we already have a stdout callback.
2024-07-15 14:56:32,172 p=301472 u=root n=ansible | PLAYBOOK: install_beegfs_all.yaml ********************************************************************************************************************************************************************
2024-07-15 14:56:32,173 p=301472 u=root n=ansible | 3 plays in install_beegfs_all.yaml
2024-07-15 14:56:32,174 p=301472 u=root n=ansible | PLAY [Global Setup] **********************************************************************************************************************************************************************************
2024-07-15 14:56:32,185 p=301472 u=root n=ansible | META: ran handlers
2024-07-15 14:56:32,189 p=301472 u=root n=ansible | META: ran handlers
2024-07-15 14:56:32,193 p=301472 u=root n=ansible | META: ran handlers
2024-07-15 14:56:32,195 p=301472 u=root n=ansible | PLAY [Install BeeGFS] ********************************************************************************************************************************************************************************
2024-07-15 14:56:32,201 p=301472 u=root n=ansible | META: ran handlers
2024-07-15 14:56:32,206 p=301472 u=root n=ansible | TASK [Include wait_ssh task] *************************************************************************************************************************************************************************
2024-07-15 14:56:32,291 p=301472 u=root n=ansible | included: /home/jbent/tassi/scripts/ansible/wait_ssh.yaml for client00, client01, gold-beegfs-server, meta00, meta01, data00, data01
2024-07-15 14:56:32,321 p=301472 u=root n=ansible | TASK [Wait for SSH port to be ready] *****************************************************************************************************************************************************************
2024-07-15 14:56:32,334 p=301493 u=root n=ansible | <localhost> ESTABLISH LOCAL CONNECTION FOR USER: root
2024-07-15 14:56:32,334 p=301493 u=root n=ansible | <localhost> EXEC /bin/sh -c 'echo ~root && sleep 0'
2024-07-15 14:56:32,341 p=301493 u=root n=ansible | <localhost> EXEC /bin/sh -c '( umask 77 && mkdir -p "` echo /root/.ansible/tmp `"&& mkdir "` echo /root/.ansible/tmp/ansible-tmp-1721076992.3409758-301493-249640986130786 `" && echo ansible-tmp-1721076992.3409758-301493-249640986130786="` echo /root/.ansible/tmp/ansible-tmp-1721076992.3409758-301493-249640986130786 `" ) && sleep 0'
2024-07-15 14:56:32,346 p=301494 u=root n=ansible | <localhost> ESTABLISH LOCAL CONNECTION FOR USER: root
2024-07-15 14:56:32,347 p=301494 u=root n=ansible | <localhost> EXEC /bin/sh -c 'echo ~root && sleep 0'
2024-07-15 14:56:32,353 p=301494 u=root n=ansible | <localhost> EXEC /bin/sh -c '( umask 77 && mkdir -p "` echo /root/.ansible/tmp `"&& mkdir "` echo /root/.ansible/tmp/ansible-tmp-1721076992.3529587-301494-118151752766376 `" && echo ansible-tmp-1721076992.3529587-301494-118151752766376="` echo /root/.ansible/tmp/ansible-tmp-1721076992.3529587-301494-118151752766376 `" ) && sleep 0'
2024-07-15 14:56:32,357 p=301497 u=root n=ansible | <localhost> ESTABLISH LOCAL CONNECTION FOR USER: root
2024-07-15 14:56:32,358 p=301497 u=root n=ansible | <localhost> EXEC /bin/sh -c 'echo ~root && sleep 0'
2024-07-15 14:56:32,364 p=301497 u=root n=ansible | <localhost> EXEC /bin/sh -c '( umask 77 && mkdir -p "` echo /root/.ansible/tmp `"&& mkdir "` echo /root/.ansible/tmp/ansible-tmp-1721076992.3642752-301497-191496226971715 `" && echo ansible-tmp-1721076992.3642752-301497-191496226971715="` echo /root/.ansible/tmp/ansible-tmp-1721076992.3642752-301497-191496226971715 `" ) && sleep 0'
2024-07-15 14:56:32,369 p=301506 u=root n=ansible | <localhost> ESTABLISH LOCAL CONNECTION FOR USER: root
2024-07-15 14:56:32,369 p=301506 u=root n=ansible | <localhost> EXEC /bin/sh -c 'echo ~root && sleep 0'
2024-07-15 14:56:32,375 p=301506 u=root n=ansible | <localhost> EXEC /bin/sh -c '( umask 77 && mkdir -p "` echo /root/.ansible/tmp `"&& mkdir "` echo /root/.ansible/tmp/ansible-tmp-1721076992.375247-301506-40785232125797 `" && echo ansible-tmp-1721076992.375247-301506-40785232125797="` echo /root/.ansible/tmp/ansible-tmp-1721076992.375247-301506-40785232125797 `" ) && sleep 0'
2024-07-15 14:56:32,381 p=301515 u=root n=ansible | <localhost> ESTABLISH LOCAL CONNECTION FOR USER: root
2024-07-15 14:56:32,381 p=301515 u=root n=ansible | <localhost> EXEC /bin/sh -c 'echo ~root && sleep 0'
2024-07-15 14:56:32,387 p=301515 u=root n=ansible | <localhost> EXEC /bin/sh -c '( umask 77 && mkdir -p "` echo /root/.ansible/tmp `"&& mkdir "` echo /root/.ansible/tmp/ansible-tmp-1721076992.387375-301515-268155101413426 `" && echo ansible-tmp-1721076992.387375-301515-268155101413426="` echo /root/.ansible/tmp/ansible-tmp-1721076992.387375-301515-268155101413426 `" ) && sleep 0'
2024-07-15 14:56:32,510 p=301493 u=root n=ansible | Using module file /usr/local/lib/python3.8/site-packages/ansible/modules/wait_for.py
2024-07-15 14:56:32,511 p=301493 u=root n=ansible | <localhost> PUT /root/.ansible/tmp/ansible-local-301472omih4k03/tmpv3ov9wz0 TO /root/.ansible/tmp/ansible-tmp-1721076992.3409758-301493-249640986130786/AnsiballZ_wait_for.py
2024-07-15 14:56:32,511 p=301497 u=root n=ansible | Using module file /usr/local/lib/python3.8/site-packages/ansible/modules/wait_for.py
2024-07-15 14:56:32,511 p=301506 u=root n=ansible | Using module file /usr/local/lib/python3.8/site-packages/ansible/modules/wait_for.py
2024-07-15 14:56:32,511 p=301494 u=root n=ansible | Using module file /usr/local/lib/python3.8/site-packages/ansible/modules/wait_for.py
2024-07-15 14:56:32,511 p=301515 u=root n=ansible | Using module file /usr/local/lib/python3.8/site-packages/ansible/modules/wait_for.py
2024-07-15 14:56:32,511 p=301493 u=root n=ansible | <localhost> EXEC /bin/sh -c 'chmod u+x /root/.ansible/tmp/ansible-tmp-1721076992.3409758-301493-249640986130786/ /root/.ansible/tmp/ansible-tmp-1721076992.3409758-301493-249640986130786/AnsiballZ_wait_for.py && sleep 0'
2024-07-15 14:56:32,512 p=301497 u=root n=ansible | <localhost> PUT /root/.ansible/tmp/ansible-local-301472omih4k03/tmp8xqu_jot TO /root/.ansible/tmp/ansible-tmp-1721076992.3642752-301497-191496226971715/AnsiballZ_wait_for.py
2024-07-15 14:56:32,512 p=301506 u=root n=ansible | <localhost> PUT /root/.ansible/tmp/ansible-local-301472omih4k03/tmpwsput4r0 TO /root/.ansible/tmp/ansible-tmp-1721076992.375247-301506-40785232125797/AnsiballZ_wait_for.py
2024-07-15 14:56:32,512 p=301494 u=root n=ansible | <localhost> PUT /root/.ansible/tmp/ansible-local-301472omih4k03/tmpk0k04ndb TO /root/.ansible/tmp/ansible-tmp-1721076992.3529587-301494-118151752766376/AnsiballZ_wait_for.py
2024-07-15 14:56:32,512 p=301515 u=root n=ansible | <localhost> PUT /root/.ansible/tmp/ansible-local-301472omih4k03/tmpi7pylo4c TO /root/.ansible/tmp/ansible-tmp-1721076992.387375-301515-268155101413426/AnsiballZ_wait_for.py
2024-07-15 14:56:32,512 p=301497 u=root n=ansible | <localhost> EXEC /bin/sh -c 'chmod u+x /root/.ansible/tmp/ansible-tmp-1721076992.3642752-301497-191496226971715/ /root/.ansible/tmp/ansible-tmp-1721076992.3642752-301497-191496226971715/AnsiballZ_wait_for.py && sleep 0'
2024-07-15 14:56:32,513 p=301506 u=root n=ansible | <localhost> EXEC /bin/sh -c 'chmod u+x /root/.ansible/tmp/ansible-tmp-1721076992.375247-301506-40785232125797/ /root/.ansible/tmp/ansible-tmp-1721076992.375247-301506-40785232125797/AnsiballZ_wait_for.py && sleep 0'
2024-07-15 14:56:32,513 p=301494 u=root n=ansible | <localhost> EXEC /bin/sh -c 'chmod u+x /root/.ansible/tmp/ansible-tmp-1721076992.3529587-301494-118151752766376/ /root/.ansible/tmp/ansible-tmp-1721076992.3529587-301494-118151752766376/AnsiballZ_wait_for.py && sleep 0'
2024-07-15 14:56:32,513 p=301515 u=root n=ansible | <localhost> EXEC /bin/sh -c 'chmod u+x /root/.ansible/tmp/ansible-tmp-1721076992.387375-301515-268155101413426/ /root/.ansible/tmp/ansible-tmp-1721076992.387375-301515-268155101413426/AnsiballZ_wait_for.py && sleep 0'
2024-07-15 14:56:32,520 p=301497 u=root n=ansible | <localhost> EXEC /bin/sh -c '/usr/bin/python3.8 /root/.ansible/tmp/ansible-tmp-1721076992.3642752-301497-191496226971715/AnsiballZ_wait_for.py && sleep 0'
2024-07-15 14:56:32,520 p=301493 u=root n=ansible | <localhost> EXEC /bin/sh -c '/usr/bin/python3.8 /root/.ansible/tmp/ansible-tmp-1721076992.3409758-301493-249640986130786/AnsiballZ_wait_for.py && sleep 0'
2024-07-15 14:56:32,520 p=301506 u=root n=ansible | <localhost> EXEC /bin/sh -c '/usr/bin/python3.8 /root/.ansible/tmp/ansible-tmp-1721076992.375247-301506-40785232125797/AnsiballZ_wait_for.py && sleep 0'
2024-07-15 14:56:32,521 p=301494 u=root n=ansible | <localhost> EXEC /bin/sh -c '/usr/bin/python3.8 /root/.ansible/tmp/ansible-tmp-1721076992.3529587-301494-118151752766376/AnsiballZ_wait_for.py && sleep 0'
2024-07-15 14:56:32,521 p=301515 u=root n=ansible | <localhost> EXEC /bin/sh -c '/usr/bin/python3.8 /root/.ansible/tmp/ansible-tmp-1721076992.387375-301515-268155101413426/AnsiballZ_wait_for.py && sleep 0'
2024-07-15 14:56:42,768 p=301494 u=root n=ansible | <localhost> EXEC /bin/sh -c 'rm -f -r /root/.ansible/tmp/ansible-tmp-1721076992.3529587-301494-118151752766376/ > /dev/null 2>&1 && sleep 0'
2024-07-15 14:56:42,770 p=301506 u=root n=ansible | <localhost> EXEC /bin/sh -c 'rm -f -r /root/.ansible/tmp/ansible-tmp-1721076992.375247-301506-40785232125797/ > /dev/null 2>&1 && sleep 0'
2024-07-15 14:56:42,771 p=301515 u=root n=ansible | <localhost> EXEC /bin/sh -c 'rm -f -r /root/.ansible/tmp/ansible-tmp-1721076992.387375-301515-268155101413426/ > /dev/null 2>&1 && sleep 0'
2024-07-15 14:56:42,772 p=301493 u=root n=ansible | <localhost> EXEC /bin/sh -c 'rm -f -r /root/.ansible/tmp/ansible-tmp-1721076992.3409758-301493-249640986130786/ > /dev/null 2>&1 && sleep 0'
2024-07-15 14:56:42,772 p=301497 u=root n=ansible | <localhost> EXEC /bin/sh -c 'rm -f -r /root/.ansible/tmp/ansible-tmp-1721076992.3642752-301497-191496226971715/ > /dev/null 2>&1 && sleep 0'
2024-07-15 14:56:42,784 p=301472 u=root n=ansible | ok: [client01 -> localhost] => {
    "changed": false,
    "elapsed": 10,
    "invocation": {
        "module_args": {
            "active_connection_states": [
                "ESTABLISHED",
                "FIN_WAIT1",
                "FIN_WAIT2",
                "SYN_RECV",
                "SYN_SENT",
                "TIME_WAIT"
            ],
            "connect_timeout": 5,
            "delay": 10,
            "exclude_hosts": null,
            "host": "client01",
            "msg": null,
            "path": null,
            "port": 22,
            "search_regex": null,
            "sleep": 1,
            "state": "started",
            "timeout": 300
        }
    },
    "match_groupdict": {},
    "match_groups": [],
    "path": null,
    "port": 22,
    "search_regex": null,
    "state": "started"
}
2024-07-15 14:56:42,794 p=301581 u=root n=ansible | <localhost> ESTABLISH LOCAL CONNECTION FOR USER: root
2024-07-15 14:56:42,794 p=301581 u=root n=ansible | <localhost> EXEC /bin/sh -c 'echo ~root && sleep 0'
2024-07-15 14:56:42,800 p=301472 u=root n=ansible | ok: [meta00 -> localhost] => {
    "changed": false,
    "elapsed": 10,
    "invocation": {
        "module_args": {
            "active_connection_states": [
                "ESTABLISHED",
                "FIN_WAIT1",
                "FIN_WAIT2",
                "SYN_RECV",
                "SYN_SENT",
                "TIME_WAIT"
            ],
            "connect_timeout": 5,
            "delay": 10,
            "exclude_hosts": null,
            "host": "meta00",
            "msg": null,
            "path": null,
            "port": 22,
            "search_regex": null,
            "sleep": 1,
            "state": "started",
            "timeout": 300
        }
    },
    "match_groupdict": {},
    "match_groups": [],
    "path": null,
    "port": 22,
    "search_regex": null,
    "state": "started"
}
2024-07-15 14:56:42,801 p=301472 u=root n=ansible | ok: [meta01 -> localhost] => {
    "changed": false,
    "elapsed": 10,
    "invocation": {
        "module_args": {
            "active_connection_states": [
                "ESTABLISHED",
                "FIN_WAIT1",
                "FIN_WAIT2",
                "SYN_RECV",
                "SYN_SENT",
                "TIME_WAIT"
            ],
            "connect_timeout": 5,
            "delay": 10,
            "exclude_hosts": null,
            "host": "meta01",
            "msg": null,
            "path": null,
            "port": 22,
            "search_regex": null,
            "sleep": 1,
            "state": "started",
            "timeout": 300
        }
    },
    "match_groupdict": {},
    "match_groups": [],
    "path": null,
    "port": 22,
    "search_regex": null,
    "state": "started"
}
2024-07-15 14:56:42,801 p=301581 u=root n=ansible | <localhost> EXEC /bin/sh -c '( umask 77 && mkdir -p "` echo /root/.ansible/tmp `"&& mkdir "` echo /root/.ansible/tmp/ansible-tmp-1721077002.8012433-301581-102898439574953 `" && echo ansible-tmp-1721077002.8012433-301581-102898439574953="` echo /root/.ansible/tmp/ansible-tmp-1721077002.8012433-301581-102898439574953 `" ) && sleep 0'
2024-07-15 14:56:42,802 p=301472 u=root n=ansible | ok: [gold-beegfs-server -> localhost] => {
    "changed": false,
    "elapsed": 10,
    "invocation": {
        "module_args": {
            "active_connection_states": [
                "ESTABLISHED",
                "FIN_WAIT1",
                "FIN_WAIT2",
                "SYN_RECV",
                "SYN_SENT",
                "TIME_WAIT"
            ],
            "connect_timeout": 5,
            "delay": 10,
            "exclude_hosts": null,
            "host": "gold-beegfs-server",
            "msg": null,
            "path": null,
            "port": 22,
            "search_regex": null,
            "sleep": 1,
            "state": "started",
            "timeout": 300
        }
    },
    "match_groupdict": {},
    "match_groups": [],
    "path": null,
    "port": 22,
    "search_regex": null,
    "state": "started"
}
2024-07-15 14:56:42,802 p=301472 u=root n=ansible | ok: [client00 -> localhost] => {
    "changed": false,
    "elapsed": 10,
    "invocation": {
        "module_args": {
            "active_connection_states": [
                "ESTABLISHED",
                "FIN_WAIT1",
                "FIN_WAIT2",
                "SYN_RECV",
                "SYN_SENT",
                "TIME_WAIT"
            ],
            "connect_timeout": 5,
            "delay": 10,
            "exclude_hosts": null,
            "host": "client00",
            "msg": null,
            "path": null,
            "port": 22,
            "search_regex": null,
            "sleep": 1,
            "state": "started",
            "timeout": 300
        }
    },
    "match_groupdict": {},
    "match_groups": [],
    "path": null,
    "port": 22,
    "search_regex": null,
    "state": "started"
}
2024-07-15 14:56:42,812 p=301585 u=root n=ansible | <localhost> ESTABLISH LOCAL CONNECTION FOR USER: root
2024-07-15 14:56:42,812 p=301585 u=root n=ansible | <localhost> EXEC /bin/sh -c 'echo ~root && sleep 0'
2024-07-15 14:56:42,813 p=301581 u=root n=ansible | Using module file /usr/local/lib/python3.8/site-packages/ansible/modules/wait_for.py
2024-07-15 14:56:42,814 p=301581 u=root n=ansible | <localhost> PUT /root/.ansible/tmp/ansible-local-301472omih4k03/tmpi84x2p47 TO /root/.ansible/tmp/ansible-tmp-1721077002.8012433-301581-102898439574953/AnsiballZ_wait_for.py
2024-07-15 14:56:42,815 p=301581 u=root n=ansible | <localhost> EXEC /bin/sh -c 'chmod u+x /root/.ansible/tmp/ansible-tmp-1721077002.8012433-301581-102898439574953/ /root/.ansible/tmp/ansible-tmp-1721077002.8012433-301581-102898439574953/AnsiballZ_wait_for.py && sleep 0'
2024-07-15 14:56:42,819 p=301585 u=root n=ansible | <localhost> EXEC /bin/sh -c '( umask 77 && mkdir -p "` echo /root/.ansible/tmp `"&& mkdir "` echo /root/.ansible/tmp/ansible-tmp-1721077002.8193052-301585-122845030671368 `" && echo ansible-tmp-1721077002.8193052-301585-122845030671368="` echo /root/.ansible/tmp/ansible-tmp-1721077002.8193052-301585-122845030671368 `" ) && sleep 0'
2024-07-15 14:56:42,822 p=301581 u=root n=ansible | <localhost> EXEC /bin/sh -c '/usr/bin/python3.8 /root/.ansible/tmp/ansible-tmp-1721077002.8012433-301581-102898439574953/AnsiballZ_wait_for.py && sleep 0'
2024-07-15 14:56:42,831 p=301585 u=root n=ansible | Using module file /usr/local/lib/python3.8/site-packages/ansible/modules/wait_for.py
2024-07-15 14:56:42,832 p=301585 u=root n=ansible | <localhost> PUT /root/.ansible/tmp/ansible-local-301472omih4k03/tmp5v5vppzp TO /root/.ansible/tmp/ansible-tmp-1721077002.8193052-301585-122845030671368/AnsiballZ_wait_for.py
2024-07-15 14:56:42,832 p=301585 u=root n=ansible | <localhost> EXEC /bin/sh -c 'chmod u+x /root/.ansible/tmp/ansible-tmp-1721077002.8193052-301585-122845030671368/ /root/.ansible/tmp/ansible-tmp-1721077002.8193052-301585-122845030671368/AnsiballZ_wait_for.py && sleep 0'
2024-07-15 14:56:42,838 p=301585 u=root n=ansible | <localhost> EXEC /bin/sh -c '/usr/bin/python3.8 /root/.ansible/tmp/ansible-tmp-1721077002.8193052-301585-122845030671368/AnsiballZ_wait_for.py && sleep 0'
2024-07-15 14:56:53,072 p=301581 u=root n=ansible | <localhost> EXEC /bin/sh -c 'rm -f -r /root/.ansible/tmp/ansible-tmp-1721077002.8012433-301581-102898439574953/ > /dev/null 2>&1 && sleep 0'
2024-07-15 14:56:53,083 p=301472 u=root n=ansible | ok: [data00 -> localhost] => {
    "changed": false,
    "elapsed": 10,
    "invocation": {
        "module_args": {
            "active_connection_states": [
                "ESTABLISHED",
                "FIN_WAIT1",
                "FIN_WAIT2",
                "SYN_RECV",
                "SYN_SENT",
                "TIME_WAIT"
            ],
            "connect_timeout": 5,
            "delay": 10,
            "exclude_hosts": null,
            "host": "data00",
            "msg": null,
            "path": null,
            "port": 22,
            "search_regex": null,
            "sleep": 1,
            "state": "started",
            "timeout": 300
        }
    },
    "match_groupdict": {},
    "match_groups": [],
    "path": null,
    "port": 22,
    "search_regex": null,
    "state": "started"
}
2024-07-15 14:56:53,085 p=301585 u=root n=ansible | <localhost> EXEC /bin/sh -c 'rm -f -r /root/.ansible/tmp/ansible-tmp-1721077002.8193052-301585-122845030671368/ > /dev/null 2>&1 && sleep 0'
2024-07-15 14:56:53,094 p=301472 u=root n=ansible | ok: [data01 -> localhost] => {
    "changed": false,
    "elapsed": 10,
    "invocation": {
        "module_args": {
            "active_connection_states": [
                "ESTABLISHED",
                "FIN_WAIT1",
                "FIN_WAIT2",
                "SYN_RECV",
                "SYN_SENT",
                "TIME_WAIT"
            ],
            "connect_timeout": 5,
            "delay": 10,
            "exclude_hosts": null,
            "host": "data01",
            "msg": null,
            "path": null,
            "port": 22,
            "search_regex": null,
            "sleep": 1,
            "state": "started",
            "timeout": 300
        }
    },
    "match_groupdict": {},
    "match_groups": [],
    "path": null,
    "port": 22,
    "search_regex": null,
    "state": "started"
}
2024-07-15 14:56:53,100 p=301472 u=root n=ansible | TASK [Ping each host to verify connectivity] *********************************************************************************************************************************************************
2024-07-15 14:56:53,115 p=301621 u=root n=ansible | <client00> ESTABLISH SSH CONNECTION FOR USER: root
2024-07-15 14:56:53,116 p=301621 u=root n=ansible | <client00> SSH: EXEC ssh -vvv -o StrictHostKeyChecking=no -o UserKnownHostsFile=/dev/null -o ConnectTimeout=60 -o StrictHostKeyChecking=no -o KbdInteractiveAuthentication=no -o PreferredAuthentications=gssapi-with-mic,gssapi-keyex,hostbased,publickey -o PasswordAuthentication=no -o 'User="root"' -o ConnectTimeout=10 -o UserKnownHostsFile=/dev/null client00 '/bin/sh -c '"'"'echo ~root && sleep 0'"'"''
2024-07-15 14:56:53,120 p=301622 u=root n=ansible | <client01> ESTABLISH SSH CONNECTION FOR USER: root
2024-07-15 14:56:53,121 p=301622 u=root n=ansible | <client01> SSH: EXEC ssh -vvv -o StrictHostKeyChecking=no -o UserKnownHostsFile=/dev/null -o ConnectTimeout=60 -o StrictHostKeyChecking=no -o KbdInteractiveAuthentication=no -o PreferredAuthentications=gssapi-with-mic,gssapi-keyex,hostbased,publickey -o PasswordAuthentication=no -o 'User="root"' -o ConnectTimeout=10 -o UserKnownHostsFile=/dev/null client01 '/bin/sh -c '"'"'echo ~root && sleep 0'"'"''
2024-07-15 14:56:53,129 p=301624 u=root n=ansible | <gold-beegfs-server> ESTABLISH SSH CONNECTION FOR USER: root
2024-07-15 14:56:53,130 p=301624 u=root n=ansible | <gold-beegfs-server> SSH: EXEC ssh -vvv -o StrictHostKeyChecking=no -o UserKnownHostsFile=/dev/null -o ConnectTimeout=60 -o StrictHostKeyChecking=no -o KbdInteractiveAuthentication=no -o PreferredAuthentications=gssapi-with-mic,gssapi-keyex,hostbased,publickey -o PasswordAuthentication=no -o 'User="root"' -o ConnectTimeout=10 -o StrictHostKeyChecking=no -o UserKnownHostsFile=/dev/null gold-beegfs-server '/bin/sh -c '"'"'echo ~root && sleep 0'"'"''
2024-07-15 14:56:53,138 p=301626 u=root n=ansible | <meta00> ESTABLISH SSH CONNECTION FOR USER: root
2024-07-15 14:56:53,139 p=301626 u=root n=ansible | <meta00> SSH: EXEC ssh -vvv -o StrictHostKeyChecking=no -o UserKnownHostsFile=/dev/null -o ConnectTimeout=60 -o StrictHostKeyChecking=no -o KbdInteractiveAuthentication=no -o PreferredAuthentications=gssapi-with-mic,gssapi-keyex,hostbased,publickey -o PasswordAuthentication=no -o 'User="root"' -o ConnectTimeout=10 -o UserKnownHostsFile=/dev/null meta00 '/bin/sh -c '"'"'echo ~root && sleep 0'"'"''
2024-07-15 14:56:53,147 p=301628 u=root n=ansible | <meta01> ESTABLISH SSH CONNECTION FOR USER: root
2024-07-15 14:56:53,148 p=301628 u=root n=ansible | <meta01> SSH: EXEC ssh -vvv -o StrictHostKeyChecking=no -o UserKnownHostsFile=/dev/null -o ConnectTimeout=60 -o StrictHostKeyChecking=no -o KbdInteractiveAuthentication=no -o PreferredAuthentications=gssapi-with-mic,gssapi-keyex,hostbased,publickey -o PasswordAuthentication=no -o 'User="root"' -o ConnectTimeout=10 -o UserKnownHostsFile=/dev/null meta01 '/bin/sh -c '"'"'echo ~root && sleep 0'"'"''
2024-07-15 14:56:55,529 p=301472 u=root n=ansible |  [ERROR]: User interrupted execution

2024-07-15 14:57:29,334 p=301678 u=root n=ansible | PLAY [Global Setup] **********************************************************************************************************************************************************************************
2024-07-15 14:57:29,355 p=301678 u=root n=ansible | PLAY [Install BeeGFS] ********************************************************************************************************************************************************************************
2024-07-15 14:57:29,365 p=301678 u=root n=ansible | TASK [Include wait_ssh task] *************************************************************************************************************************************************************************
2024-07-15 14:57:29,451 p=301678 u=root n=ansible | included: /home/jbent/tassi/scripts/ansible/wait_ssh.yaml for client00, client01, gold-beegfs-server, meta00, meta01, data00, data01
2024-07-15 14:57:29,481 p=301678 u=root n=ansible | TASK [Wait for SSH port to be ready] *****************************************************************************************************************************************************************
2024-07-15 14:57:39,950 p=301678 u=root n=ansible | ok: [gold-beegfs-server -> localhost]
2024-07-15 14:57:39,965 p=301678 u=root n=ansible | ok: [client00 -> localhost]
2024-07-15 14:57:39,966 p=301678 u=root n=ansible | ok: [client01 -> localhost]
2024-07-15 14:57:39,966 p=301678 u=root n=ansible | ok: [meta00 -> localhost]
2024-07-15 14:57:39,966 p=301678 u=root n=ansible | ok: [meta01 -> localhost]
2024-07-15 14:57:45,493 p=301678 u=root n=ansible |  [ERROR]: User interrupted execution

2024-07-15 14:58:20,789 p=301867 u=root n=ansible | ansible-playbook [core 2.13.13]
  config file = /home/jbent/tassi/scripts/ansible/ansible.cfg
  configured module search path = ['/root/.ansible/plugins/modules', '/usr/share/ansible/plugins/modules']
  ansible python module location = /usr/local/lib/python3.8/site-packages/ansible
  ansible collection location = /root/.ansible/collections:/usr/share/ansible/collections
  executable location = /usr/local/bin/ansible-playbook
  python version = 3.8.17 (default, Oct 17 2023, 14:11:04) [GCC 8.5.0 20210514 (Red Hat 8.5.0-20)]
  jinja version = 3.1.3
  libyaml = True
2024-07-15 14:58:20,789 p=301867 u=root n=ansible | Using /home/jbent/tassi/scripts/ansible/ansible.cfg as config file
2024-07-15 14:58:20,790 p=301867 u=root n=ansible | setting up inventory plugins
2024-07-15 14:58:20,796 p=301867 u=root n=ansible | host_list declined parsing /home/jbent/tassi/scripts/ansible/autotest.beegfs.2c2m2s.yaml as it did not pass its verify_file() method
2024-07-15 14:58:20,797 p=301867 u=root n=ansible | script declined parsing /home/jbent/tassi/scripts/ansible/autotest.beegfs.2c2m2s.yaml as it did not pass its verify_file() method
2024-07-15 14:58:20,804 p=301867 u=root n=ansible | Skipping empty key (vars) in group (servers)
2024-07-15 14:58:20,804 p=301867 u=root n=ansible | Parsed /home/jbent/tassi/scripts/ansible/autotest.beegfs.2c2m2s.yaml inventory source with yaml plugin
2024-07-15 14:58:20,805 p=301867 u=root n=ansible | setting up inventory plugins
2024-07-15 14:58:20,806 p=301867 u=root n=ansible | host_list declined parsing /tmp/inventory.m6ondke4.ini as it did not pass its verify_file() method
2024-07-15 14:58:20,806 p=301867 u=root n=ansible | script declined parsing /tmp/inventory.m6ondke4.ini as it did not pass its verify_file() method
2024-07-15 14:58:20,806 p=301867 u=root n=ansible | auto declined parsing /tmp/inventory.m6ondke4.ini as it did not pass its verify_file() method
2024-07-15 14:58:20,806 p=301867 u=root n=ansible | yaml declined parsing /tmp/inventory.m6ondke4.ini as it did not pass its verify_file() method
2024-07-15 14:58:20,808 p=301867 u=root n=ansible | Parsed /tmp/inventory.m6ondke4.ini inventory source with ini plugin
2024-07-15 14:58:20,941 p=301867 u=root n=ansible | redirecting (type: callback) ansible.builtin.debug to ansible.posix.debug
2024-07-15 14:58:20,941 p=301867 u=root n=ansible | Loading collection ansible.posix from /usr/local/lib/python3.8/site-packages/ansible_collections/ansible/posix
2024-07-15 14:58:20,942 p=301867 u=root n=ansible | redirecting (type: callback) ansible.builtin.debug to ansible.posix.debug
2024-07-15 14:58:20,946 p=301867 u=root n=ansible | Loading callback plugin ansible.posix.debug of type stdout, v2.0 from /usr/local/lib/python3.8/site-packages/ansible_collections/ansible/posix/plugins/callback/debug.py
2024-07-15 14:58:20,961 p=301867 u=root n=ansible | Skipping callback 'default', as we already have a stdout callback.
2024-07-15 14:58:20,961 p=301867 u=root n=ansible | Skipping callback 'minimal', as we already have a stdout callback.
2024-07-15 14:58:20,961 p=301867 u=root n=ansible | Skipping callback 'oneline', as we already have a stdout callback.
2024-07-15 14:58:20,961 p=301867 u=root n=ansible | PLAYBOOK: install_beegfs_all.yaml ********************************************************************************************************************************************************************
2024-07-15 14:58:20,962 p=301867 u=root n=ansible | 3 plays in install_beegfs_all.yaml
2024-07-15 14:58:20,963 p=301867 u=root n=ansible | PLAY [Global Setup] **********************************************************************************************************************************************************************************
2024-07-15 14:58:20,974 p=301867 u=root n=ansible | META: ran handlers
2024-07-15 14:58:20,978 p=301867 u=root n=ansible | META: ran handlers
2024-07-15 14:58:20,982 p=301867 u=root n=ansible | META: ran handlers
2024-07-15 14:58:20,983 p=301867 u=root n=ansible | PLAY [Install BeeGFS] ********************************************************************************************************************************************************************************
2024-07-15 14:58:20,989 p=301867 u=root n=ansible | META: ran handlers
2024-07-15 14:58:20,993 p=301867 u=root n=ansible | TASK [Include wait_ssh task] *************************************************************************************************************************************************************************
2024-07-15 14:58:21,008 p=301867 u=root n=ansible | included: /home/jbent/tassi/scripts/ansible/wait_ssh.yaml for gold-beegfs-server
2024-07-15 14:58:21,020 p=301867 u=root n=ansible | TASK [Wait for SSH port to be ready] *****************************************************************************************************************************************************************
2024-07-15 14:58:21,033 p=301876 u=root n=ansible | <localhost> ESTABLISH LOCAL CONNECTION FOR USER: root
2024-07-15 14:58:21,033 p=301876 u=root n=ansible | <localhost> EXEC /bin/sh -c 'echo ~root && sleep 0'
2024-07-15 14:58:21,039 p=301876 u=root n=ansible | <localhost> EXEC /bin/sh -c '( umask 77 && mkdir -p "` echo /root/.ansible/tmp `"&& mkdir "` echo /root/.ansible/tmp/ansible-tmp-1721077101.03907-301876-165206731184305 `" && echo ansible-tmp-1721077101.03907-301876-165206731184305="` echo /root/.ansible/tmp/ansible-tmp-1721077101.03907-301876-165206731184305 `" ) && sleep 0'
2024-07-15 14:58:21,197 p=301876 u=root n=ansible | Using module file /usr/local/lib/python3.8/site-packages/ansible/modules/wait_for.py
2024-07-15 14:58:21,198 p=301876 u=root n=ansible | <localhost> PUT /root/.ansible/tmp/ansible-local-301867rp1k_vg8/tmplghpxth8 TO /root/.ansible/tmp/ansible-tmp-1721077101.03907-301876-165206731184305/AnsiballZ_wait_for.py
2024-07-15 14:58:21,198 p=301876 u=root n=ansible | <localhost> EXEC /bin/sh -c 'chmod u+x /root/.ansible/tmp/ansible-tmp-1721077101.03907-301876-165206731184305/ /root/.ansible/tmp/ansible-tmp-1721077101.03907-301876-165206731184305/AnsiballZ_wait_for.py && sleep 0'
2024-07-15 14:58:21,206 p=301876 u=root n=ansible | <localhost> EXEC /bin/sh -c '/usr/bin/python3.8 /root/.ansible/tmp/ansible-tmp-1721077101.03907-301876-165206731184305/AnsiballZ_wait_for.py && sleep 0'
2024-07-15 14:58:23,811 p=301867 u=root n=ansible |  [ERROR]: User interrupted execution

2024-07-15 14:58:33,293 p=301904 u=root n=ansible | PLAY [Global Setup] **********************************************************************************************************************************************************************************
2024-07-15 14:58:33,313 p=301904 u=root n=ansible | PLAY [Install BeeGFS] ********************************************************************************************************************************************************************************
2024-07-15 14:58:33,323 p=301904 u=root n=ansible | TASK [Include wait_ssh task] *************************************************************************************************************************************************************************
2024-07-15 14:58:33,338 p=301904 u=root n=ansible | included: /home/jbent/tassi/scripts/ansible/wait_ssh.yaml for gold-beegfs-server
2024-07-15 14:58:33,350 p=301904 u=root n=ansible | TASK [Wait for SSH port to be ready] *****************************************************************************************************************************************************************
2024-07-15 14:58:43,800 p=301904 u=root n=ansible | ok: [gold-beegfs-server -> localhost]
2024-07-15 14:58:43,806 p=301904 u=root n=ansible | TASK [Ping each host to verify connectivity] *********************************************************************************************************************************************************
2024-07-15 14:58:56,791 p=301904 u=root n=ansible | ok: [gold-beegfs-server]
2024-07-15 14:58:56,797 p=301904 u=root n=ansible | TASK [Fail if ping does not succeed] *****************************************************************************************************************************************************************
2024-07-15 14:58:56,811 p=301904 u=root n=ansible | skipping: [gold-beegfs-server]
2024-07-15 14:58:56,816 p=301904 u=root n=ansible | TASK [Wait for system to become reachable] ***********************************************************************************************************************************************************
2024-07-15 14:59:03,846 p=301904 u=root n=ansible | ok: [gold-beegfs-server]
2024-07-15 14:59:03,851 p=301904 u=root n=ansible | TASK [Gather facts] **********************************************************************************************************************************************************************************
2024-07-15 14:59:11,955 p=301904 u=root n=ansible | ok: [gold-beegfs-server]
2024-07-15 14:59:11,963 p=301904 u=root n=ansible | TASK [Include disable firewall and selinux] **********************************************************************************************************************************************************
2024-07-15 14:59:11,991 p=301904 u=root n=ansible | included: /home/jbent/tassi/scripts/ansible/disable_firewall_selinux.yaml for gold-beegfs-server
2024-07-15 14:59:12,004 p=301904 u=root n=ansible | TASK [Include wait_ssh task] *************************************************************************************************************************************************************************
2024-07-15 14:59:12,021 p=301904 u=root n=ansible | included: /home/jbent/tassi/scripts/ansible/wait_ssh.yaml for gold-beegfs-server
2024-07-15 14:59:12,037 p=301904 u=root n=ansible | TASK [Wait for SSH port to be ready] *****************************************************************************************************************************************************************
2024-07-15 14:59:22,336 p=301904 u=root n=ansible | ok: [gold-beegfs-server -> localhost]
2024-07-15 14:59:22,345 p=301904 u=root n=ansible | TASK [Ping each host to verify connectivity] *********************************************************************************************************************************************************
2024-07-15 14:59:29,451 p=301904 u=root n=ansible | ok: [gold-beegfs-server]
2024-07-15 14:59:29,459 p=301904 u=root n=ansible | TASK [Fail if ping does not succeed] *****************************************************************************************************************************************************************
2024-07-15 14:59:29,473 p=301904 u=root n=ansible | skipping: [gold-beegfs-server]
2024-07-15 14:59:29,481 p=301904 u=root n=ansible | TASK [Wait for system to become reachable] ***********************************************************************************************************************************************************
2024-07-15 14:59:41,591 p=301904 u=root n=ansible | ok: [gold-beegfs-server]
2024-07-15 14:59:41,599 p=301904 u=root n=ansible | TASK [Check firewall status] *************************************************************************************************************************************************************************
2024-07-15 14:59:50,381 p=301904 u=root n=ansible | ok: [gold-beegfs-server]
2024-07-15 14:59:50,393 p=301904 u=root n=ansible | TASK [Check SELinux status] **************************************************************************************************************************************************************************
2024-07-15 15:00:12,668 p=301904 u=root n=ansible | ok: [gold-beegfs-server]
2024-07-15 15:00:12,681 p=301904 u=root n=ansible | TASK [Debug SELinux status] **************************************************************************************************************************************************************************
2024-07-15 15:00:12,698 p=301904 u=root n=ansible | ok: [gold-beegfs-server] => {}

MSG:

SELinux status: Enforcing

2024-07-15 15:00:12,710 p=301904 u=root n=ansible | TASK [Disable SELinux if it is Enforcing or Permissive] **********************************************************************************************************************************************
2024-07-15 15:00:25,056 p=301904 u=root n=ansible | changed: [gold-beegfs-server]
2024-07-15 15:00:25,068 p=301904 u=root n=ansible | TASK [Set SELinux to disabled immediately] ***********************************************************************************************************************************************************
2024-07-15 15:00:37,203 p=301904 u=root n=ansible | changed: [gold-beegfs-server]
2024-07-15 15:00:37,216 p=301904 u=root n=ansible | TASK [Ensure disable_selinux is defined] *************************************************************************************************************************************************************
2024-07-15 15:00:37,251 p=301904 u=root n=ansible | ok: [gold-beegfs-server]
2024-07-15 15:00:37,263 p=301904 u=root n=ansible | TASK [Ensure setenforce_result is defined] ***********************************************************************************************************************************************************
2024-07-15 15:00:37,296 p=301904 u=root n=ansible | ok: [gold-beegfs-server]
2024-07-15 15:00:37,309 p=301904 u=root n=ansible | TASK [Check firewall status] *************************************************************************************************************************************************************************
2024-07-15 15:00:45,909 p=301904 u=root n=ansible | ok: [gold-beegfs-server]
2024-07-15 15:00:45,921 p=301904 u=root n=ansible | TASK [Stop and disable firewall if it is running] ****************************************************************************************************************************************************
2024-07-15 15:00:45,937 p=301904 u=root n=ansible | skipping: [gold-beegfs-server]
2024-07-15 15:00:45,949 p=301904 u=root n=ansible | TASK [Ensure firewall_status is defined] *************************************************************************************************************************************************************
2024-07-15 15:00:45,984 p=301904 u=root n=ansible | ok: [gold-beegfs-server]
2024-07-15 15:00:45,997 p=301904 u=root n=ansible | TASK [Reboot if SELinux or firewall was changed] *****************************************************************************************************************************************************
2024-07-15 15:01:38,457 p=301904 u=root n=ansible | changed: [gold-beegfs-server]
2024-07-15 15:01:38,469 p=301904 u=root n=ansible | TASK [Wait for ssh after changing selinux setting] ***************************************************************************************************************************************************
2024-07-15 15:01:38,501 p=301904 u=root n=ansible | included: /home/jbent/tassi/scripts/ansible/wait_ssh.yaml for gold-beegfs-server
2024-07-15 15:01:38,522 p=301904 u=root n=ansible | TASK [Wait for SSH port to be ready] *****************************************************************************************************************************************************************
2024-07-15 15:01:48,820 p=301904 u=root n=ansible | ok: [gold-beegfs-server -> localhost]
2024-07-15 15:01:48,832 p=301904 u=root n=ansible | TASK [Ping each host to verify connectivity] *********************************************************************************************************************************************************
2024-07-15 15:02:00,952 p=301904 u=root n=ansible | ok: [gold-beegfs-server]
2024-07-15 15:02:00,964 p=301904 u=root n=ansible | TASK [Fail if ping does not succeed] *****************************************************************************************************************************************************************
2024-07-15 15:02:00,977 p=301904 u=root n=ansible | skipping: [gold-beegfs-server]
2024-07-15 15:02:00,989 p=301904 u=root n=ansible | TASK [Wait for system to become reachable] ***********************************************************************************************************************************************************
2024-07-15 15:02:12,991 p=301904 u=root n=ansible | ok: [gold-beegfs-server]
2024-07-15 15:02:13,003 p=301904 u=root n=ansible | TASK [Verify SELinux is disabled after reboot] *******************************************************************************************************************************************************
2024-07-15 15:02:40,080 p=301904 u=root n=ansible | ok: [gold-beegfs-server]
2024-07-15 15:02:40,092 p=301904 u=root n=ansible | TASK [Assert SELinux is disabled] ********************************************************************************************************************************************************************
2024-07-15 15:02:40,111 p=301904 u=root n=ansible | ok: [gold-beegfs-server] => {
    "changed": false
}

MSG:

All assertions passed

2024-07-15 15:02:40,124 p=301904 u=root n=ansible | TASK [Verify firewall status after reboot] ***********************************************************************************************************************************************************
2024-07-15 15:02:53,677 p=301904 u=root n=ansible | ok: [gold-beegfs-server]
2024-07-15 15:02:53,689 p=301904 u=root n=ansible | TASK [Assert firewall is stopped] ********************************************************************************************************************************************************************
2024-07-15 15:02:53,729 p=301904 u=root n=ansible | ok: [gold-beegfs-server] => {
    "changed": false
}

MSG:

All assertions passed

2024-07-15 15:02:53,741 p=301904 u=root n=ansible | TASK [Remove existing BeeGFS repo files if present] **************************************************************************************************************************************************
2024-07-15 15:03:05,990 p=301904 u=root n=ansible | ok: [gold-beegfs-server] => (item=/etc/yum.repos.d/beegfs.repo)
2024-07-15 15:03:17,992 p=301904 u=root n=ansible | ok: [gold-beegfs-server] => (item=/etc/yum.repos.d/beegfs-*.repo)
2024-07-15 15:03:18,006 p=301904 u=root n=ansible | TASK [Install EPEL repository] ***********************************************************************************************************************************************************************
2024-07-15 15:03:28,233 p=301904 u=root n=ansible | changed: [gold-beegfs-server]
2024-07-15 15:03:28,245 p=301904 u=root n=ansible | TASK [Install yum-utils] *****************************************************************************************************************************************************************************
2024-07-15 15:03:47,937 p=301904 u=root n=ansible | changed: [gold-beegfs-server]
2024-07-15 15:03:47,950 p=301904 u=root n=ansible | TASK [Install rsync on all nodes] ********************************************************************************************************************************************************************
2024-07-15 15:04:02,735 p=301904 u=root n=ansible | changed: [gold-beegfs-server]
2024-07-15 15:04:02,748 p=301904 u=root n=ansible | TASK [Set BeeGFS repository URL] *********************************************************************************************************************************************************************
2024-07-15 15:04:02,766 p=301904 u=root n=ansible | ok: [gold-beegfs-server]
2024-07-15 15:04:02,784 p=301904 u=root n=ansible | TASK [Create BeeGFS repository file with correct URL] ************************************************************************************************************************************************
2024-07-15 15:04:21,813 p=301904 u=root n=ansible | changed: [gold-beegfs-server]
2024-07-15 15:04:21,826 p=301904 u=root n=ansible | TASK [Ensure BeeGFS repository is configured correctly] **********************************************************************************************************************************************
2024-07-15 15:04:33,834 p=301904 u=root n=ansible | changed: [gold-beegfs-server]
2024-07-15 15:04:33,846 p=301904 u=root n=ansible | TASK [Print BeeGFS repo directory contents] **********************************************************************************************************************************************************
2024-07-15 15:04:33,865 p=301904 u=root n=ansible | ok: [gold-beegfs-server] => {
    "repo_dir_contents.stdout_lines": [
        "total 56",
        "-rw-r--r--. 1 root root  943 May 22 08:49 almalinux-ha.repo",
        "-rw-r--r--. 1 root root  905 May 22 08:49 almalinux-nfv.repo",
        "-rw-r--r--. 1 root root  885 May 22 08:49 almalinux-plus.repo",
        "-rw-r--r--. 1 root root  963 May 22 08:49 almalinux-powertools.repo",
        "-rw-r--r--. 1 root root 2666 May 22 08:49 almalinux.repo",
        "-rw-r--r--. 1 root root 1041 May 22 08:49 almalinux-resilientstorage.repo",
        "-rw-r--r--. 1 root root  871 May 22 08:49 almalinux-rt.repo",
        "-rw-r--r--. 1 root root  928 May 22 08:49 almalinux-saphana.repo",
        "-rw-r--r--. 1 root root  873 May 22 08:49 almalinux-sap.repo",
        "-rw-r--r--  1 root root  106 Jul 15 15:04 beegfs.repo",
        "-rw-r--r--  1 root root 1680 Apr 17  2023 epel-modular.repo",
        "-rw-r--r--  1 root root 1332 Apr 17  2023 epel.repo",
        "-rw-r--r--  1 root root 1779 Apr 17  2023 epel-testing-modular.repo",
        "-rw-r--r--  1 root root 1431 Apr 17  2023 epel-testing.repo"
    ]
}
2024-07-15 15:04:33,877 p=301904 u=root n=ansible | TASK [Verify BeeGFS repository file contents] ********************************************************************************************************************************************************
2024-07-15 15:04:45,885 p=301904 u=root n=ansible | changed: [gold-beegfs-server]
2024-07-15 15:04:45,897 p=301904 u=root n=ansible | TASK [Print BeeGFS repository file contents] *********************************************************************************************************************************************************
2024-07-15 15:04:45,914 p=301904 u=root n=ansible | ok: [gold-beegfs-server] => {
    "beegfs_repo_contents.stdout_lines": [
        "[beegfs]",
        "name=BeeGFS",
        "baseurl=https://www.beegfs.io/release/beegfs_7.4.3/dists/rhel8/",
        "gpgcheck=0",
        "enabled=1"
    ]
}
2024-07-15 15:04:45,926 p=301904 u=root n=ansible | TASK [Clean the DNF cache] ***************************************************************************************************************************************************************************
2024-07-15 15:04:53,287 p=301904 u=root n=ansible | changed: [gold-beegfs-server]
2024-07-15 15:04:53,298 p=301904 u=root n=ansible | TASK [Regenerate the DNF metadata cache] *************************************************************************************************************************************************************
2024-07-15 15:05:25,139 p=301904 u=root n=ansible | changed: [gold-beegfs-server]
2024-07-15 15:05:25,151 p=301904 u=root n=ansible | TASK [Install BeeGFS management packages] ************************************************************************************************************************************************************
2024-07-15 15:05:37,587 p=301904 u=root n=ansible | changed: [gold-beegfs-server]
2024-07-15 15:05:37,599 p=301904 u=root n=ansible | TASK [Install BeeGFS metadata packages] **************************************************************************************************************************************************************
2024-07-15 15:05:53,703 p=301904 u=root n=ansible | changed: [gold-beegfs-server]
2024-07-15 15:05:53,715 p=301904 u=root n=ansible | TASK [Install BeeGFS storage packages] ***************************************************************************************************************************************************************
2024-07-15 15:06:04,576 p=301904 u=root n=ansible | changed: [gold-beegfs-server]
2024-07-15 15:06:04,589 p=301904 u=root n=ansible | TASK [Install BeeGFS client packages] ****************************************************************************************************************************************************************
2024-07-15 15:06:04,603 p=301904 u=root n=ansible | skipping: [gold-beegfs-server]
2024-07-15 15:06:04,615 p=301904 u=root n=ansible | TASK [Install BeeGFS common packages] ****************************************************************************************************************************************************************
2024-07-15 15:06:07,846 p=301904 u=root n=ansible | ok: [gold-beegfs-server]
2024-07-15 15:06:07,857 p=301904 u=root n=ansible | TASK [Install kernel development packages on clients] ************************************************************************************************************************************************
2024-07-15 15:06:07,871 p=301904 u=root n=ansible | skipping: [gold-beegfs-server]
2024-07-15 15:06:07,883 p=301904 u=root n=ansible | TASK [Rebuild BeeGFS modules on clients] *************************************************************************************************************************************************************
2024-07-15 15:06:07,896 p=301904 u=root n=ansible | skipping: [gold-beegfs-server]
2024-07-15 15:06:07,923 p=301904 u=root n=ansible | PLAY [Install Tools on {{ target_hosts }}] ***********************************************************************************************************************************************************
2024-07-15 15:06:07,946 p=301904 u=root n=ansible | TASK [Include wait_ssh task] *************************************************************************************************************************************************************************
2024-07-15 15:06:07,967 p=301904 u=root n=ansible | included: /home/jbent/tassi/scripts/ansible/wait_ssh.yaml for gold-beegfs-server
2024-07-15 15:06:07,986 p=301904 u=root n=ansible | TASK [Wait for SSH port to be ready] *****************************************************************************************************************************************************************
2024-07-15 15:06:18,281 p=301904 u=root n=ansible | ok: [gold-beegfs-server -> localhost]
2024-07-15 15:06:18,293 p=301904 u=root n=ansible | TASK [Ping each host to verify connectivity] *********************************************************************************************************************************************************
2024-07-15 15:06:40,492 p=301904 u=root n=ansible | ok: [gold-beegfs-server]
2024-07-15 15:06:40,504 p=301904 u=root n=ansible | TASK [Fail if ping does not succeed] *****************************************************************************************************************************************************************
2024-07-15 15:06:40,515 p=301904 u=root n=ansible | skipping: [gold-beegfs-server]
2024-07-15 15:06:40,527 p=301904 u=root n=ansible | TASK [Wait for system to become reachable] ***********************************************************************************************************************************************************
2024-07-15 15:06:47,530 p=301904 u=root n=ansible | ok: [gold-beegfs-server]
2024-07-15 15:06:47,542 p=301904 u=root n=ansible | TASK [Gather facts] **********************************************************************************************************************************************************************************
2024-07-15 15:07:00,246 p=301904 u=root n=ansible | ok: [gold-beegfs-server]
2024-07-15 15:07:00,258 p=301904 u=root n=ansible | TASK [Include set_hostname] **************************************************************************************************************************************************************************
2024-07-15 15:07:00,283 p=301904 u=root n=ansible | included: /home/jbent/tassi/scripts/ansible/set_hostname.yaml for gold-beegfs-server
2024-07-15 15:07:00,298 p=301904 u=root n=ansible | TASK [Include wait_ssh task] *************************************************************************************************************************************************************************
2024-07-15 15:07:00,320 p=301904 u=root n=ansible | included: /home/jbent/tassi/scripts/ansible/wait_ssh.yaml for gold-beegfs-server
2024-07-15 15:07:00,336 p=301904 u=root n=ansible | TASK [Wait for SSH port to be ready] *****************************************************************************************************************************************************************
2024-07-15 15:07:10,632 p=301904 u=root n=ansible | ok: [gold-beegfs-server -> localhost]
2024-07-15 15:07:10,644 p=301904 u=root n=ansible | TASK [Ping each host to verify connectivity] *********************************************************************************************************************************************************
2024-07-15 15:07:17,701 p=301904 u=root n=ansible | ok: [gold-beegfs-server]
2024-07-15 15:07:17,713 p=301904 u=root n=ansible | TASK [Fail if ping does not succeed] *****************************************************************************************************************************************************************
2024-07-15 15:07:17,725 p=301904 u=root n=ansible | skipping: [gold-beegfs-server]
2024-07-15 15:07:17,737 p=301904 u=root n=ansible | TASK [Wait for system to become reachable] ***********************************************************************************************************************************************************
2024-07-15 15:07:29,812 p=301904 u=root n=ansible | ok: [gold-beegfs-server]
2024-07-15 15:07:29,824 p=301904 u=root n=ansible | TASK [Set the hostname] ******************************************************************************************************************************************************************************
2024-07-15 15:07:42,753 p=301904 u=root n=ansible | changed: [gold-beegfs-server]
2024-07-15 15:07:42,764 p=301904 u=root n=ansible | TASK [Update /etc/hostname] **************************************************************************************************************************************************************************
2024-07-15 15:07:49,761 p=301904 u=root n=ansible | ok: [gold-beegfs-server]
2024-07-15 15:07:49,774 p=301904 u=root n=ansible | TASK [Update /etc/hosts] *****************************************************************************************************************************************************************************
2024-07-15 15:08:11,930 p=301904 u=root n=ansible | changed: [gold-beegfs-server]
2024-07-15 15:08:11,942 p=301904 u=root n=ansible | TASK [Verify /etc/hosts update] **********************************************************************************************************************************************************************
2024-07-15 15:08:29,010 p=301904 u=root n=ansible | changed: [gold-beegfs-server]
2024-07-15 15:08:29,022 p=301904 u=root n=ansible | TASK [Fail if /etc/hosts update did not work] ********************************************************************************************************************************************************
2024-07-15 15:08:29,035 p=301904 u=root n=ansible | skipping: [gold-beegfs-server]
2024-07-15 15:08:29,047 p=301904 u=root n=ansible | TASK [Reboot the machine to apply hostname changes] **************************************************************************************************************************************************
2024-07-15 15:09:06,072 p=301904 u=root n=ansible | changed: [gold-beegfs-server]
2024-07-15 15:09:06,084 p=301904 u=root n=ansible | TASK [Enable EPEL repository] ************************************************************************************************************************************************************************
2024-07-15 15:09:14,508 p=301904 u=root n=ansible | ok: [gold-beegfs-server]
2024-07-15 15:09:14,521 p=301904 u=root n=ansible | TASK [Ensure Development Tools are installed] ********************************************************************************************************************************************************
2024-07-15 15:11:54,998 p=301904 u=root n=ansible | changed: [gold-beegfs-server]
2024-07-15 15:11:55,010 p=301904 u=root n=ansible | TASK [Install pdsh on target machines] ***************************************************************************************************************************************************************
2024-07-15 15:12:10,639 p=301904 u=root n=ansible | changed: [gold-beegfs-server]
2024-07-15 15:12:10,651 p=301904 u=root n=ansible | TASK [Install pdsh on target machines] ***************************************************************************************************************************************************************
2024-07-15 15:12:24,064 p=301904 u=root n=ansible | ok: [gold-beegfs-server]
2024-07-15 15:12:24,076 p=301904 u=root n=ansible | TASK [Install nslookup on target machines] ***********************************************************************************************************************************************************
2024-07-15 15:12:41,701 p=301904 u=root n=ansible | changed: [gold-beegfs-server]
2024-07-15 15:12:41,712 p=301904 u=root n=ansible | TASK [Install OpenMPI and development packages] ******************************************************************************************************************************************************
2024-07-15 15:12:41,725 p=301904 u=root n=ansible | skipping: [gold-beegfs-server]
2024-07-15 15:12:41,737 p=301904 u=root n=ansible | TASK [Ensure Environment Modules are initialized in /etc/bashrc] *************************************************************************************************************************************
2024-07-15 15:12:41,748 p=301904 u=root n=ansible | skipping: [gold-beegfs-server]
2024-07-15 15:12:41,760 p=301904 u=root n=ansible | TASK [Load OpenMPI environment module in a new script] ***********************************************************************************************************************************************
2024-07-15 15:12:41,771 p=301904 u=root n=ansible | skipping: [gold-beegfs-server]
2024-07-15 15:12:41,783 p=301904 u=root n=ansible | TASK [Reboot the system to apply changes] ************************************************************************************************************************************************************
2024-07-15 15:12:41,794 p=301904 u=root n=ansible | skipping: [gold-beegfs-server]
2024-07-15 15:12:41,805 p=301904 u=root n=ansible | TASK [Install necessary packages for IOR] ************************************************************************************************************************************************************
2024-07-15 15:12:41,816 p=301904 u=root n=ansible | skipping: [gold-beegfs-server]
2024-07-15 15:12:41,828 p=301904 u=root n=ansible | TASK [Clone IOR repository] **************************************************************************************************************************************************************************
2024-07-15 15:12:41,839 p=301904 u=root n=ansible | skipping: [gold-beegfs-server]
2024-07-15 15:12:41,851 p=301904 u=root n=ansible | TASK [Run IOR bootstrap] *****************************************************************************************************************************************************************************
2024-07-15 15:12:41,862 p=301904 u=root n=ansible | skipping: [gold-beegfs-server]
2024-07-15 15:12:41,873 p=301904 u=root n=ansible | TASK [Configure IOR] *********************************************************************************************************************************************************************************
2024-07-15 15:12:41,884 p=301904 u=root n=ansible | skipping: [gold-beegfs-server]
2024-07-15 15:12:41,898 p=301904 u=root n=ansible | TASK [Make and install IOR] **************************************************************************************************************************************************************************
2024-07-15 15:12:41,909 p=301904 u=root n=ansible | skipping: [gold-beegfs-server]
2024-07-15 15:12:41,921 p=301904 u=root n=ansible | TASK [Check that /usr/local/bin/ior is a valid executable] *******************************************************************************************************************************************
2024-07-15 15:12:41,932 p=301904 u=root n=ansible | skipping: [gold-beegfs-server]
2024-07-15 15:12:41,944 p=301904 u=root n=ansible | TASK [Assert /usr/local/bin/ior is a valid executable] ***********************************************************************************************************************************************
2024-07-15 15:12:41,955 p=301904 u=root n=ansible | skipping: [gold-beegfs-server]
2024-07-15 15:12:41,978 p=301904 u=root n=ansible | PLAY RECAP *******************************************************************************************************************************************************************************************
2024-07-15 15:12:41,978 p=301904 u=root n=ansible | gold-beegfs-server         : ok=64   changed=21   unreachable=0    failed=0    skipped=21   rescued=0    ignored=0   
2024-07-15 20:51:17,836 p=333868 u=root n=ansible | ERROR! the playbook: ./disable_firewall_selinux.yaml--limit could not be found
2024-07-15 20:51:25,620 p=333877 u=root n=ansible | PLAY [Disable firewall and selinux] ******************************************************************************************************************************************************************
2024-07-15 20:51:25,635 p=333877 u=root n=ansible | TASK [Include wait_ssh task] *************************************************************************************************************************************************************************
2024-07-15 20:51:25,654 p=333877 u=root n=ansible | included: /home/jbent/tassi/scripts/ansible/wait_ssh.yaml for gold-empty-client
2024-07-15 20:51:25,662 p=333877 u=root n=ansible | TASK [Initialize variables] **************************************************************************************************************************************************************************
2024-07-15 20:51:25,673 p=333877 u=root n=ansible | ok: [gold-empty-client]
2024-07-15 20:51:25,677 p=333877 u=root n=ansible | TASK [Loop to check SSH and possibly reboot VM] ******************************************************************************************************************************************************
2024-07-15 20:51:25,709 p=333877 u=root n=ansible | included: /home/jbent/tassi/scripts/ansible/retry_ssh.yaml for gold-empty-client => (item=Retry attempt 0)
2024-07-15 20:51:25,713 p=333877 u=root n=ansible | included: /home/jbent/tassi/scripts/ansible/retry_ssh.yaml for gold-empty-client => (item=Retry attempt 1)
2024-07-15 20:51:25,717 p=333877 u=root n=ansible | included: /home/jbent/tassi/scripts/ansible/retry_ssh.yaml for gold-empty-client => (item=Retry attempt 2)
2024-07-15 20:51:25,728 p=333877 u=root n=ansible | TASK [Attempt to wait for SSH port to be ready] ******************************************************************************************************************************************************
2024-07-15 20:51:36,180 p=333877 u=root n=ansible | ok: [gold-empty-client -> localhost]
2024-07-15 20:51:36,185 p=333877 u=root n=ansible | TASK [Set SSH success fact if succeeded] *************************************************************************************************************************************************************
2024-07-15 20:51:36,206 p=333877 u=root n=ansible | ok: [gold-empty-client]
2024-07-15 20:51:36,215 p=333877 u=root n=ansible | TASK [Restart VM using virsh] ************************************************************************************************************************************************************************
2024-07-15 20:51:36,232 p=333877 u=root n=ansible | skipping: [gold-empty-client]
2024-07-15 20:51:36,241 p=333877 u=root n=ansible | TASK [Wait for VM to shutdown] ***********************************************************************************************************************************************************************
2024-07-15 20:51:36,257 p=333877 u=root n=ansible | skipping: [gold-empty-client]
2024-07-15 20:51:36,266 p=333877 u=root n=ansible | TASK [Wait for VM to start] **************************************************************************************************************************************************************************
2024-07-15 20:51:36,283 p=333877 u=root n=ansible | skipping: [gold-empty-client]
2024-07-15 20:51:36,291 p=333877 u=root n=ansible | TASK [Attempt to wait for SSH port to be ready] ******************************************************************************************************************************************************
2024-07-15 20:51:36,304 p=333877 u=root n=ansible | skipping: [gold-empty-client]
2024-07-15 20:51:36,308 p=333877 u=root n=ansible | TASK [Set SSH success fact if succeeded] *************************************************************************************************************************************************************
2024-07-15 20:51:36,328 p=333877 u=root n=ansible | ok: [gold-empty-client]
2024-07-15 20:51:36,336 p=333877 u=root n=ansible | TASK [Restart VM using virsh] ************************************************************************************************************************************************************************
2024-07-15 20:51:36,353 p=333877 u=root n=ansible | skipping: [gold-empty-client]
2024-07-15 20:51:36,362 p=333877 u=root n=ansible | TASK [Wait for VM to shutdown] ***********************************************************************************************************************************************************************
2024-07-15 20:51:36,378 p=333877 u=root n=ansible | skipping: [gold-empty-client]
2024-07-15 20:51:36,387 p=333877 u=root n=ansible | TASK [Wait for VM to start] **************************************************************************************************************************************************************************
2024-07-15 20:51:36,403 p=333877 u=root n=ansible | skipping: [gold-empty-client]
2024-07-15 20:51:36,412 p=333877 u=root n=ansible | TASK [Attempt to wait for SSH port to be ready] ******************************************************************************************************************************************************
2024-07-15 20:51:36,425 p=333877 u=root n=ansible | skipping: [gold-empty-client]
2024-07-15 20:51:36,429 p=333877 u=root n=ansible | TASK [Set SSH success fact if succeeded] *************************************************************************************************************************************************************
2024-07-15 20:51:36,450 p=333877 u=root n=ansible | ok: [gold-empty-client]
2024-07-15 20:51:36,458 p=333877 u=root n=ansible | TASK [Restart VM using virsh] ************************************************************************************************************************************************************************
2024-07-15 20:51:36,474 p=333877 u=root n=ansible | skipping: [gold-empty-client]
2024-07-15 20:51:36,483 p=333877 u=root n=ansible | TASK [Wait for VM to shutdown] ***********************************************************************************************************************************************************************
2024-07-15 20:51:36,499 p=333877 u=root n=ansible | skipping: [gold-empty-client]
2024-07-15 20:51:36,508 p=333877 u=root n=ansible | TASK [Wait for VM to start] **************************************************************************************************************************************************************************
2024-07-15 20:51:36,525 p=333877 u=root n=ansible | skipping: [gold-empty-client]
2024-07-15 20:51:36,530 p=333877 u=root n=ansible | TASK [Fail if SSH is not ready after maximum retries] ************************************************************************************************************************************************
2024-07-15 20:51:36,542 p=333877 u=root n=ansible | skipping: [gold-empty-client]
2024-07-15 20:51:36,547 p=333877 u=root n=ansible | TASK [Debug - Final SSH port ready status] ***********************************************************************************************************************************************************
2024-07-15 20:51:36,564 p=333877 u=root n=ansible | ok: [gold-empty-client] => {}

MSG:

Final SSH port ready status: {'changed': False, 'skipped': True, 'skip_reason': 'Conditional result was False'}

2024-07-15 20:51:36,569 p=333877 u=root n=ansible | TASK [Ping each host to verify connectivity] *********************************************************************************************************************************************************
2024-07-15 20:51:50,473 p=333877 u=root n=ansible | ok: [gold-empty-client]
2024-07-15 20:51:50,479 p=333877 u=root n=ansible | TASK [Fail if ping does not succeed] *****************************************************************************************************************************************************************
2024-07-15 20:51:50,492 p=333877 u=root n=ansible | skipping: [gold-empty-client]
2024-07-15 20:51:50,498 p=333877 u=root n=ansible | TASK [Wait for system to become reachable] ***********************************************************************************************************************************************************
2024-07-15 20:52:03,251 p=333877 u=root n=ansible | ok: [gold-empty-client]
2024-07-15 20:52:03,256 p=333877 u=root n=ansible | TASK [Gather facts] **********************************************************************************************************************************************************************************
2024-07-15 20:52:06,821 p=333877 u=root n=ansible | ok: [gold-empty-client]
2024-07-15 20:52:06,830 p=333877 u=root n=ansible | TASK [Check firewall status] *************************************************************************************************************************************************************************
2024-07-15 20:52:21,258 p=333877 u=root n=ansible | ok: [gold-empty-client]
2024-07-15 20:52:21,270 p=333877 u=root n=ansible | TASK [Check SELinux status] **************************************************************************************************************************************************************************
2024-07-15 20:52:29,020 p=333877 u=root n=ansible | ok: [gold-empty-client]
2024-07-15 20:52:29,032 p=333877 u=root n=ansible | TASK [Debug SELinux status] **************************************************************************************************************************************************************************
2024-07-15 20:52:29,048 p=333877 u=root n=ansible | ok: [gold-empty-client] => {}

MSG:

SELinux status: Permissive

2024-07-15 20:52:29,060 p=333877 u=root n=ansible | TASK [Disable SELinux if it is Enforcing or Permissive] **********************************************************************************************************************************************
2024-07-15 20:52:41,903 p=333877 u=root n=ansible | ok: [gold-empty-client]
2024-07-15 20:52:41,915 p=333877 u=root n=ansible | TASK [Set SELinux to disabled immediately] ***********************************************************************************************************************************************************
2024-07-15 20:52:41,928 p=333877 u=root n=ansible | skipping: [gold-empty-client]
2024-07-15 20:52:41,940 p=333877 u=root n=ansible | TASK [Ensure disable_selinux is defined] *************************************************************************************************************************************************************
2024-07-15 20:52:41,973 p=333877 u=root n=ansible | ok: [gold-empty-client]
2024-07-15 20:52:41,985 p=333877 u=root n=ansible | TASK [Ensure setenforce_result is defined] ***********************************************************************************************************************************************************
2024-07-15 20:52:42,017 p=333877 u=root n=ansible | ok: [gold-empty-client]
2024-07-15 20:52:42,029 p=333877 u=root n=ansible | TASK [Check firewall status] *************************************************************************************************************************************************************************
2024-07-15 20:52:51,301 p=333877 u=root n=ansible | ok: [gold-empty-client]
2024-07-15 20:52:51,313 p=333877 u=root n=ansible | TASK [Debug - Print firewall status] *****************************************************************************************************************************************************************
2024-07-15 20:52:51,332 p=333877 u=root n=ansible | ok: [gold-empty-client] => {}

MSG:

Firewall status: not found

2024-07-15 20:52:51,368 p=333877 u=root n=ansible | TASK [Stop and disable firewall if it is running] ****************************************************************************************************************************************************
2024-07-15 20:52:51,385 p=333877 u=root n=ansible | skipping: [gold-empty-client]
2024-07-15 20:52:51,397 p=333877 u=root n=ansible | TASK [Debug - Print firewall status] *****************************************************************************************************************************************************************
2024-07-15 20:52:51,414 p=333877 u=root n=ansible | fatal: [gold-empty-client]: FAILED! => {}

MSG:

The task includes an option with an undefined variable. The error was: 'dict object' has no attribute 'firewalld'

The error appears to be in '/home/jbent/tassi/scripts/ansible/disable_firewall_selinux.yaml': line 81, column 7, but may
be elsewhere in the file depending on the exact syntax problem.

The offending line appears to be:


    - name: Debug - Print firewall status
      ^ here


2024-07-15 20:52:51,414 p=333877 u=root n=ansible | NO MORE HOSTS LEFT ***********************************************************************************************************************************************************************************
2024-07-15 20:52:51,415 p=333877 u=root n=ansible | PLAY RECAP *******************************************************************************************************************************************************************************************
2024-07-15 20:52:51,415 p=333877 u=root n=ansible | gold-empty-client          : ok=21   changed=0    unreachable=0    failed=1    skipped=15   rescued=0    ignored=0   
2024-07-15 20:58:35,273 p=334409 u=root n=ansible | PLAY [Disable firewall and selinux] ******************************************************************************************************************************************************************
2024-07-15 20:58:35,288 p=334409 u=root n=ansible | TASK [Include wait_ssh task] *************************************************************************************************************************************************************************
2024-07-15 20:58:35,305 p=334409 u=root n=ansible | included: /home/jbent/tassi/scripts/ansible/wait_ssh.yaml for gold-empty-client
2024-07-15 20:58:35,314 p=334409 u=root n=ansible | TASK [Initialize variables] **************************************************************************************************************************************************************************
2024-07-15 20:58:35,325 p=334409 u=root n=ansible | ok: [gold-empty-client]
2024-07-15 20:58:35,330 p=334409 u=root n=ansible | TASK [Loop to check SSH and possibly reboot VM] ******************************************************************************************************************************************************
2024-07-15 20:58:35,360 p=334409 u=root n=ansible | included: /home/jbent/tassi/scripts/ansible/retry_ssh.yaml for gold-empty-client => (item=Retry attempt 0)
2024-07-15 20:58:35,364 p=334409 u=root n=ansible | included: /home/jbent/tassi/scripts/ansible/retry_ssh.yaml for gold-empty-client => (item=Retry attempt 1)
2024-07-15 20:58:35,369 p=334409 u=root n=ansible | included: /home/jbent/tassi/scripts/ansible/retry_ssh.yaml for gold-empty-client => (item=Retry attempt 2)
2024-07-15 20:58:35,379 p=334409 u=root n=ansible | TASK [Attempt to wait for SSH port to be ready] ******************************************************************************************************************************************************
2024-07-15 20:58:45,836 p=334409 u=root n=ansible | ok: [gold-empty-client -> localhost]
2024-07-15 20:58:45,841 p=334409 u=root n=ansible | TASK [Set SSH success fact if succeeded] *************************************************************************************************************************************************************
2024-07-15 20:58:45,862 p=334409 u=root n=ansible | ok: [gold-empty-client]
2024-07-15 20:58:45,870 p=334409 u=root n=ansible | TASK [Restart VM using virsh] ************************************************************************************************************************************************************************
2024-07-15 20:58:45,887 p=334409 u=root n=ansible | skipping: [gold-empty-client]
2024-07-15 20:58:45,896 p=334409 u=root n=ansible | TASK [Wait for VM to shutdown] ***********************************************************************************************************************************************************************
2024-07-15 20:58:45,913 p=334409 u=root n=ansible | skipping: [gold-empty-client]
2024-07-15 20:58:45,921 p=334409 u=root n=ansible | TASK [Wait for VM to start] **************************************************************************************************************************************************************************
2024-07-15 20:58:45,938 p=334409 u=root n=ansible | skipping: [gold-empty-client]
2024-07-15 20:58:45,947 p=334409 u=root n=ansible | TASK [Attempt to wait for SSH port to be ready] ******************************************************************************************************************************************************
2024-07-15 20:58:45,959 p=334409 u=root n=ansible | skipping: [gold-empty-client]
2024-07-15 20:58:45,964 p=334409 u=root n=ansible | TASK [Set SSH success fact if succeeded] *************************************************************************************************************************************************************
2024-07-15 20:58:45,984 p=334409 u=root n=ansible | ok: [gold-empty-client]
2024-07-15 20:58:45,992 p=334409 u=root n=ansible | TASK [Restart VM using virsh] ************************************************************************************************************************************************************************
2024-07-15 20:58:46,008 p=334409 u=root n=ansible | skipping: [gold-empty-client]
2024-07-15 20:58:46,017 p=334409 u=root n=ansible | TASK [Wait for VM to shutdown] ***********************************************************************************************************************************************************************
2024-07-15 20:58:46,034 p=334409 u=root n=ansible | skipping: [gold-empty-client]
2024-07-15 20:58:46,042 p=334409 u=root n=ansible | TASK [Wait for VM to start] **************************************************************************************************************************************************************************
2024-07-15 20:58:46,058 p=334409 u=root n=ansible | skipping: [gold-empty-client]
2024-07-15 20:58:46,067 p=334409 u=root n=ansible | TASK [Attempt to wait for SSH port to be ready] ******************************************************************************************************************************************************
2024-07-15 20:58:46,079 p=334409 u=root n=ansible | skipping: [gold-empty-client]
2024-07-15 20:58:46,084 p=334409 u=root n=ansible | TASK [Set SSH success fact if succeeded] *************************************************************************************************************************************************************
2024-07-15 20:58:46,104 p=334409 u=root n=ansible | ok: [gold-empty-client]
2024-07-15 20:58:46,112 p=334409 u=root n=ansible | TASK [Restart VM using virsh] ************************************************************************************************************************************************************************
2024-07-15 20:58:46,129 p=334409 u=root n=ansible | skipping: [gold-empty-client]
2024-07-15 20:58:46,137 p=334409 u=root n=ansible | TASK [Wait for VM to shutdown] ***********************************************************************************************************************************************************************
2024-07-15 20:58:46,153 p=334409 u=root n=ansible | skipping: [gold-empty-client]
2024-07-15 20:58:46,162 p=334409 u=root n=ansible | TASK [Wait for VM to start] **************************************************************************************************************************************************************************
2024-07-15 20:58:46,178 p=334409 u=root n=ansible | skipping: [gold-empty-client]
2024-07-15 20:58:46,183 p=334409 u=root n=ansible | TASK [Fail if SSH is not ready after maximum retries] ************************************************************************************************************************************************
2024-07-15 20:58:46,196 p=334409 u=root n=ansible | skipping: [gold-empty-client]
2024-07-15 20:58:46,201 p=334409 u=root n=ansible | TASK [Debug - Final SSH port ready status] ***********************************************************************************************************************************************************
2024-07-15 20:58:46,217 p=334409 u=root n=ansible | ok: [gold-empty-client] => {}

MSG:

Final SSH port ready status: {'changed': False, 'skipped': True, 'skip_reason': 'Conditional result was False'}

2024-07-15 20:58:46,222 p=334409 u=root n=ansible | TASK [Ping each host to verify connectivity] *********************************************************************************************************************************************************
2024-07-15 20:58:59,951 p=334409 u=root n=ansible | ok: [gold-empty-client]
2024-07-15 20:58:59,956 p=334409 u=root n=ansible | TASK [Fail if ping does not succeed] *****************************************************************************************************************************************************************
2024-07-15 20:58:59,970 p=334409 u=root n=ansible | skipping: [gold-empty-client]
2024-07-15 20:58:59,975 p=334409 u=root n=ansible | TASK [Wait for system to become reachable] ***********************************************************************************************************************************************************
2024-07-15 20:59:07,565 p=334409 u=root n=ansible | ok: [gold-empty-client]
2024-07-15 20:59:07,570 p=334409 u=root n=ansible | TASK [Gather facts] **********************************************************************************************************************************************************************************
2024-07-15 20:59:16,135 p=334409 u=root n=ansible | ok: [gold-empty-client]
2024-07-15 20:59:16,143 p=334409 u=root n=ansible | TASK [Check firewall status] *************************************************************************************************************************************************************************
2024-07-15 20:59:20,553 p=334409 u=root n=ansible | ok: [gold-empty-client]
2024-07-15 20:59:20,565 p=334409 u=root n=ansible | TASK [Check SELinux status] **************************************************************************************************************************************************************************
2024-07-15 20:59:33,421 p=334409 u=root n=ansible | ok: [gold-empty-client]
2024-07-15 20:59:33,433 p=334409 u=root n=ansible | TASK [Debug SELinux status] **************************************************************************************************************************************************************************
2024-07-15 20:59:33,450 p=334409 u=root n=ansible | ok: [gold-empty-client] => {}

MSG:

SELinux status: Permissive

2024-07-15 20:59:33,462 p=334409 u=root n=ansible | TASK [Disable SELinux if it is Enforcing or Permissive] **********************************************************************************************************************************************
2024-07-15 20:59:46,238 p=334409 u=root n=ansible | ok: [gold-empty-client]
2024-07-15 20:59:46,249 p=334409 u=root n=ansible | TASK [Set SELinux to disabled immediately] ***********************************************************************************************************************************************************
2024-07-15 20:59:46,263 p=334409 u=root n=ansible | skipping: [gold-empty-client]
2024-07-15 20:59:46,275 p=334409 u=root n=ansible | TASK [Ensure disable_selinux is defined] *************************************************************************************************************************************************************
2024-07-15 20:59:46,309 p=334409 u=root n=ansible | ok: [gold-empty-client]
2024-07-15 20:59:46,321 p=334409 u=root n=ansible | TASK [Ensure setenforce_result is defined] ***********************************************************************************************************************************************************
2024-07-15 20:59:46,354 p=334409 u=root n=ansible | ok: [gold-empty-client]
2024-07-15 20:59:46,366 p=334409 u=root n=ansible | TASK [Check firewall status] *************************************************************************************************************************************************************************
2024-07-15 20:59:55,624 p=334409 u=root n=ansible | ok: [gold-empty-client]
2024-07-15 20:59:55,636 p=334409 u=root n=ansible | TASK [Debug - Print firewall status] *****************************************************************************************************************************************************************
2024-07-15 20:59:55,655 p=334409 u=root n=ansible | ok: [gold-empty-client] => {}

MSG:

Firewall status: not found

2024-07-15 20:59:55,667 p=334409 u=root n=ansible | TASK [Stop and disable firewall if it is running] ****************************************************************************************************************************************************
2024-07-15 20:59:55,683 p=334409 u=root n=ansible | skipping: [gold-empty-client]
2024-07-15 20:59:55,695 p=334409 u=root n=ansible | TASK [Ensure firewall_status is defined] *************************************************************************************************************************************************************
2024-07-15 20:59:55,729 p=334409 u=root n=ansible | ok: [gold-empty-client]
2024-07-15 20:59:55,743 p=334409 u=root n=ansible | TASK [Reboot if SELinux or firewall was changed] *****************************************************************************************************************************************************
2024-07-15 20:59:55,757 p=334409 u=root n=ansible | skipping: [gold-empty-client]
2024-07-15 20:59:55,792 p=334409 u=root n=ansible | TASK [Wait for ssh after changing selinux setting] ***************************************************************************************************************************************************
2024-07-15 20:59:55,810 p=334409 u=root n=ansible | skipping: [gold-empty-client]
2024-07-15 20:59:55,822 p=334409 u=root n=ansible | TASK [Verify SELinux is disabled after reboot] *******************************************************************************************************************************************************
2024-07-15 21:00:08,509 p=334409 u=root n=ansible | ok: [gold-empty-client]
2024-07-15 21:00:08,521 p=334409 u=root n=ansible | TASK [Assert SELinux is disabled] ********************************************************************************************************************************************************************
2024-07-15 21:00:08,540 p=334409 u=root n=ansible | fatal: [gold-empty-client]: FAILED! => {
    "assertion": "selinux_status_after_reboot.stdout == \"Disabled\"",
    "changed": false,
    "evaluated_to": false
}

MSG:

Error: SELinux is not disabled. Current status is Permissive

2024-07-15 21:00:08,540 p=334409 u=root n=ansible | NO MORE HOSTS LEFT ***********************************************************************************************************************************************************************************
2024-07-15 21:00:08,541 p=334409 u=root n=ansible | PLAY RECAP *******************************************************************************************************************************************************************************************
2024-07-15 21:00:08,541 p=334409 u=root n=ansible | gold-empty-client          : ok=23   changed=0    unreachable=0    failed=1    skipped=17   rescued=0    ignored=0   
2024-07-15 21:08:28,212 p=335161 u=root n=ansible | PLAY [Disable firewall and selinux] ******************************************************************************************************************************************************************
2024-07-15 21:08:28,227 p=335161 u=root n=ansible | TASK [Include wait_ssh task] *************************************************************************************************************************************************************************
2024-07-15 21:08:28,244 p=335161 u=root n=ansible | included: /home/jbent/tassi/scripts/ansible/wait_ssh.yaml for gold-empty-client
2024-07-15 21:08:28,253 p=335161 u=root n=ansible | TASK [Initialize variables] **************************************************************************************************************************************************************************
2024-07-15 21:08:28,264 p=335161 u=root n=ansible | ok: [gold-empty-client]
2024-07-15 21:08:28,269 p=335161 u=root n=ansible | TASK [Loop to check SSH and possibly reboot VM] ******************************************************************************************************************************************************
2024-07-15 21:08:28,299 p=335161 u=root n=ansible | included: /home/jbent/tassi/scripts/ansible/retry_ssh.yaml for gold-empty-client => (item=Retry attempt 0)
2024-07-15 21:08:28,303 p=335161 u=root n=ansible | included: /home/jbent/tassi/scripts/ansible/retry_ssh.yaml for gold-empty-client => (item=Retry attempt 1)
2024-07-15 21:08:28,307 p=335161 u=root n=ansible | included: /home/jbent/tassi/scripts/ansible/retry_ssh.yaml for gold-empty-client => (item=Retry attempt 2)
2024-07-15 21:08:28,318 p=335161 u=root n=ansible | TASK [Attempt to wait for SSH port to be ready] ******************************************************************************************************************************************************
2024-07-15 21:08:38,770 p=335161 u=root n=ansible | ok: [gold-empty-client -> localhost]
2024-07-15 21:08:38,775 p=335161 u=root n=ansible | TASK [Set SSH success fact if succeeded] *************************************************************************************************************************************************************
2024-07-15 21:08:38,796 p=335161 u=root n=ansible | ok: [gold-empty-client]
2024-07-15 21:08:38,805 p=335161 u=root n=ansible | TASK [Restart VM using virsh] ************************************************************************************************************************************************************************
2024-07-15 21:08:38,821 p=335161 u=root n=ansible | skipping: [gold-empty-client]
2024-07-15 21:08:38,830 p=335161 u=root n=ansible | TASK [Wait for VM to shutdown] ***********************************************************************************************************************************************************************
2024-07-15 21:08:38,846 p=335161 u=root n=ansible | skipping: [gold-empty-client]
2024-07-15 21:08:38,855 p=335161 u=root n=ansible | TASK [Wait for VM to start] **************************************************************************************************************************************************************************
2024-07-15 21:08:38,872 p=335161 u=root n=ansible | skipping: [gold-empty-client]
2024-07-15 21:08:38,880 p=335161 u=root n=ansible | TASK [Attempt to wait for SSH port to be ready] ******************************************************************************************************************************************************
2024-07-15 21:08:38,893 p=335161 u=root n=ansible | skipping: [gold-empty-client]
2024-07-15 21:08:38,897 p=335161 u=root n=ansible | TASK [Set SSH success fact if succeeded] *************************************************************************************************************************************************************
2024-07-15 21:08:38,917 p=335161 u=root n=ansible | ok: [gold-empty-client]
2024-07-15 21:08:38,925 p=335161 u=root n=ansible | TASK [Restart VM using virsh] ************************************************************************************************************************************************************************
2024-07-15 21:08:38,942 p=335161 u=root n=ansible | skipping: [gold-empty-client]
2024-07-15 21:08:38,951 p=335161 u=root n=ansible | TASK [Wait for VM to shutdown] ***********************************************************************************************************************************************************************
2024-07-15 21:08:38,967 p=335161 u=root n=ansible | skipping: [gold-empty-client]
2024-07-15 21:08:38,976 p=335161 u=root n=ansible | TASK [Wait for VM to start] **************************************************************************************************************************************************************************
2024-07-15 21:08:38,992 p=335161 u=root n=ansible | skipping: [gold-empty-client]
2024-07-15 21:08:39,000 p=335161 u=root n=ansible | TASK [Attempt to wait for SSH port to be ready] ******************************************************************************************************************************************************
2024-07-15 21:08:39,013 p=335161 u=root n=ansible | skipping: [gold-empty-client]
2024-07-15 21:08:39,017 p=335161 u=root n=ansible | TASK [Set SSH success fact if succeeded] *************************************************************************************************************************************************************
2024-07-15 21:08:39,037 p=335161 u=root n=ansible | ok: [gold-empty-client]
2024-07-15 21:08:39,045 p=335161 u=root n=ansible | TASK [Restart VM using virsh] ************************************************************************************************************************************************************************
2024-07-15 21:08:39,062 p=335161 u=root n=ansible | skipping: [gold-empty-client]
2024-07-15 21:08:39,070 p=335161 u=root n=ansible | TASK [Wait for VM to shutdown] ***********************************************************************************************************************************************************************
2024-07-15 21:08:39,087 p=335161 u=root n=ansible | skipping: [gold-empty-client]
2024-07-15 21:08:39,096 p=335161 u=root n=ansible | TASK [Wait for VM to start] **************************************************************************************************************************************************************************
2024-07-15 21:08:39,112 p=335161 u=root n=ansible | skipping: [gold-empty-client]
2024-07-15 21:08:39,117 p=335161 u=root n=ansible | TASK [Fail if SSH is not ready after maximum retries] ************************************************************************************************************************************************
2024-07-15 21:08:39,130 p=335161 u=root n=ansible | skipping: [gold-empty-client]
2024-07-15 21:08:39,135 p=335161 u=root n=ansible | TASK [Debug - Final SSH port ready status] ***********************************************************************************************************************************************************
2024-07-15 21:08:39,152 p=335161 u=root n=ansible | ok: [gold-empty-client] => {}

MSG:

Final SSH port ready status: {'changed': False, 'skipped': True, 'skip_reason': 'Conditional result was False'}

2024-07-15 21:08:39,157 p=335161 u=root n=ansible | TASK [Ping each host to verify connectivity] *********************************************************************************************************************************************************
2024-07-15 21:08:47,781 p=335161 u=root n=ansible | ok: [gold-empty-client]
2024-07-15 21:08:47,786 p=335161 u=root n=ansible | TASK [Fail if ping does not succeed] *****************************************************************************************************************************************************************
2024-07-15 21:08:47,800 p=335161 u=root n=ansible | skipping: [gold-empty-client]
2024-07-15 21:08:47,805 p=335161 u=root n=ansible | TASK [Wait for system to become reachable] ***********************************************************************************************************************************************************
2024-07-15 21:09:00,404 p=335161 u=root n=ansible | ok: [gold-empty-client]
2024-07-15 21:09:00,409 p=335161 u=root n=ansible | TASK [Gather facts] **********************************************************************************************************************************************************************************
2024-07-15 21:09:08,982 p=335161 u=root n=ansible | ok: [gold-empty-client]
2024-07-15 21:09:08,990 p=335161 u=root n=ansible | TASK [Check firewall status] *************************************************************************************************************************************************************************
2024-07-15 21:09:23,407 p=335161 u=root n=ansible | ok: [gold-empty-client]
2024-07-15 21:09:23,419 p=335161 u=root n=ansible | TASK [Check SELinux status] **************************************************************************************************************************************************************************
2024-07-15 21:09:31,171 p=335161 u=root n=ansible | ok: [gold-empty-client]
2024-07-15 21:09:31,183 p=335161 u=root n=ansible | TASK [Debug SELinux status] **************************************************************************************************************************************************************************
2024-07-15 21:09:31,199 p=335161 u=root n=ansible | ok: [gold-empty-client] => {}

MSG:

SELinux status: Permissive

2024-07-15 21:09:31,211 p=335161 u=root n=ansible | TASK [Disable SELinux if it is Enforcing or Permissive] **********************************************************************************************************************************************
2024-07-15 21:09:33,964 p=335161 u=root n=ansible | ok: [gold-empty-client]
2024-07-15 21:09:33,975 p=335161 u=root n=ansible | TASK [Set SELinux to disabled immediately] ***********************************************************************************************************************************************************
2024-07-15 21:09:46,586 p=335161 u=root n=ansible | changed: [gold-empty-client]
2024-07-15 21:09:46,598 p=335161 u=root n=ansible | TASK [Ensure disable_selinux is defined] *************************************************************************************************************************************************************
2024-07-15 21:09:46,632 p=335161 u=root n=ansible | ok: [gold-empty-client]
2024-07-15 21:09:46,644 p=335161 u=root n=ansible | TASK [Ensure setenforce_result is defined] ***********************************************************************************************************************************************************
2024-07-15 21:09:46,677 p=335161 u=root n=ansible | ok: [gold-empty-client]
2024-07-15 21:09:46,689 p=335161 u=root n=ansible | TASK [Check firewall status] *************************************************************************************************************************************************************************
2024-07-15 21:10:01,060 p=335161 u=root n=ansible | ok: [gold-empty-client]
2024-07-15 21:10:01,071 p=335161 u=root n=ansible | TASK [Debug - Print firewall status] *****************************************************************************************************************************************************************
2024-07-15 21:10:01,089 p=335161 u=root n=ansible | ok: [gold-empty-client] => {}

MSG:

Firewall status: not found

2024-07-15 21:10:01,101 p=335161 u=root n=ansible | TASK [Stop and disable firewall if it is running] ****************************************************************************************************************************************************
2024-07-15 21:10:01,117 p=335161 u=root n=ansible | skipping: [gold-empty-client]
2024-07-15 21:10:01,129 p=335161 u=root n=ansible | TASK [Ensure firewall_status is defined] *************************************************************************************************************************************************************
2024-07-15 21:10:01,161 p=335161 u=root n=ansible | ok: [gold-empty-client]
2024-07-15 21:10:01,173 p=335161 u=root n=ansible | TASK [Reboot if SELinux or firewall was changed] *****************************************************************************************************************************************************
2024-07-15 21:10:37,756 p=335161 u=root n=ansible | changed: [gold-empty-client]
2024-07-15 21:10:37,768 p=335161 u=root n=ansible | TASK [Wait for ssh after changing selinux setting] ***************************************************************************************************************************************************
2024-07-15 21:10:37,787 p=335161 u=root n=ansible | skipping: [gold-empty-client]
2024-07-15 21:10:37,799 p=335161 u=root n=ansible | TASK [Verify SELinux is disabled after reboot] *******************************************************************************************************************************************************
2024-07-15 21:10:45,396 p=335161 u=root n=ansible | ok: [gold-empty-client]
2024-07-15 21:10:45,408 p=335161 u=root n=ansible | TASK [Assert SELinux is disabled] ********************************************************************************************************************************************************************
2024-07-15 21:10:45,426 p=335161 u=root n=ansible | ok: [gold-empty-client] => {
    "changed": false
}

MSG:

All assertions passed

2024-07-15 21:10:45,438 p=335161 u=root n=ansible | TASK [Verify firewall status after reboot] ***********************************************************************************************************************************************************
2024-07-15 21:10:59,721 p=335161 u=root n=ansible | ok: [gold-empty-client]
2024-07-15 21:10:59,732 p=335161 u=root n=ansible | TASK [Assert firewall is stopped] ********************************************************************************************************************************************************************
2024-07-15 21:10:59,772 p=335161 u=root n=ansible | ok: [gold-empty-client] => {
    "changed": false
}

MSG:

All assertions passed

2024-07-15 21:10:59,795 p=335161 u=root n=ansible | PLAY RECAP *******************************************************************************************************************************************************************************************
2024-07-15 21:10:59,795 p=335161 u=root n=ansible | gold-empty-client          : ok=28   changed=2    unreachable=0    failed=0    skipped=15   rescued=0    ignored=0   
2024-07-15 21:24:26,804 p=336135 u=root n=ansible | PLAY [Disable firewall and selinux] ******************************************************************************************************************************************************************
2024-07-15 21:24:26,819 p=336135 u=root n=ansible | TASK [Include wait_ssh task] *************************************************************************************************************************************************************************
2024-07-15 21:24:26,835 p=336135 u=root n=ansible | included: /home/jbent/tassi/scripts/ansible/wait_ssh.yaml for gold-empty-client
2024-07-15 21:24:26,842 p=336135 u=root n=ansible | TASK [Initialize variables] **************************************************************************************************************************************************************************
2024-07-15 21:24:26,854 p=336135 u=root n=ansible | ok: [gold-empty-client]
2024-07-15 21:24:26,859 p=336135 u=root n=ansible | TASK [Loop to check SSH and possibly reboot VM] ******************************************************************************************************************************************************
2024-07-15 21:24:26,875 p=336135 u=root n=ansible | included: /home/jbent/tassi/scripts/ansible/retry_ssh.yaml for gold-empty-client
2024-07-15 21:24:26,884 p=336135 u=root n=ansible | TASK [Attempt to wait for SSH port to be ready] ******************************************************************************************************************************************************
2024-07-15 21:24:26,897 p=336135 u=root n=ansible | fatal: [gold-empty-client -> localhost]: FAILED! => {}

MSG:

The conditional check 'not sssh_port_ready' failed. The error was: error while evaluating conditional (not sssh_port_ready): 'sssh_port_ready' is undefined

The error appears to be in '/home/jbent/tassi/scripts/ansible/retry_ssh.yaml': line 3, column 7, but may
be elsewhere in the file depending on the exact syntax problem.

The offending line appears to be:

  block:
    - name: Attempt to wait for SSH port to be ready
      ^ here


2024-07-15 21:24:26,898 p=336135 u=root n=ansible | NO MORE HOSTS LEFT ***********************************************************************************************************************************************************************************
2024-07-15 21:24:26,899 p=336135 u=root n=ansible | PLAY RECAP *******************************************************************************************************************************************************************************************
2024-07-15 21:24:26,899 p=336135 u=root n=ansible | gold-empty-client          : ok=3    changed=0    unreachable=0    failed=1    skipped=0    rescued=0    ignored=0   
2024-07-15 21:24:52,047 p=336176 u=root n=ansible | PLAY [Disable firewall and selinux] ******************************************************************************************************************************************************************
2024-07-15 21:24:52,062 p=336176 u=root n=ansible | TASK [Include wait_ssh task] *************************************************************************************************************************************************************************
2024-07-15 21:24:52,079 p=336176 u=root n=ansible | included: /home/jbent/tassi/scripts/ansible/wait_ssh.yaml for gold-empty-client
2024-07-15 21:24:52,086 p=336176 u=root n=ansible | TASK [Initialize variables] **************************************************************************************************************************************************************************
2024-07-15 21:24:52,101 p=336176 u=root n=ansible | ok: [gold-empty-client]
2024-07-15 21:24:52,105 p=336176 u=root n=ansible | TASK [Loop to check SSH and possibly reboot VM] ******************************************************************************************************************************************************
2024-07-15 21:24:52,121 p=336176 u=root n=ansible | ERROR! this task 'include_task' has extra params, which is only allowed in the following modules: ansible.legacy.command, shell, ansible.legacy.include_tasks, ansible.legacy.import_role, win_shell, set_fact, ansible.builtin.meta, ansible.legacy.add_host, ansible.legacy.group_by, ansible.builtin.import_role, ansible.legacy.win_shell, ansible.builtin.include_role, command, include, include_role, ansible.builtin.include, ansible.builtin.win_command, group_by, ansible.builtin.raw, ansible.builtin.win_shell, ansible.legacy.include, ansible.legacy.win_command, ansible.builtin.add_host, ansible.builtin.group_by, ansible.legacy.meta, include_vars, import_tasks, ansible.legacy.shell, ansible.legacy.include_vars, ansible.legacy.raw, add_host, meta, include_tasks, ansible.builtin.set_fact, ansible.builtin.include_tasks, import_role, ansible.builtin.shell, ansible.legacy.import_tasks, raw, ansible.builtin.import_tasks, ansible.windows.win_shell, win_command, ansible.windows.win_command, ansible.builtin.command, ansible.builtin.include_vars, ansible.legacy.set_fact, ansible.legacy.script, script, ansible.legacy.include_role, ansible.builtin.script

The error appears to be in '/home/jbent/tassi/scripts/ansible/retry_ssh.yaml': line 29, column 7, but may
be elsewhere in the file depending on the exact syntax problem.

The offending line appears to be:


    - include_task: retry_ssh.yaml
      ^ here

2024-07-15 21:25:23,477 p=336221 u=root n=ansible | PLAY [Disable firewall and selinux] ******************************************************************************************************************************************************************
2024-07-15 21:25:23,492 p=336221 u=root n=ansible | TASK [Include wait_ssh task] *************************************************************************************************************************************************************************
2024-07-15 21:25:23,508 p=336221 u=root n=ansible | included: /home/jbent/tassi/scripts/ansible/wait_ssh.yaml for gold-empty-client
2024-07-15 21:25:23,515 p=336221 u=root n=ansible | TASK [Initialize variables] **************************************************************************************************************************************************************************
2024-07-15 21:25:23,528 p=336221 u=root n=ansible | ok: [gold-empty-client]
2024-07-15 21:25:23,532 p=336221 u=root n=ansible | TASK [Loop to check SSH and possibly reboot VM] ******************************************************************************************************************************************************
2024-07-15 21:25:23,548 p=336221 u=root n=ansible | included: /home/jbent/tassi/scripts/ansible/retry_ssh.yaml for gold-empty-client
2024-07-15 21:25:23,558 p=336221 u=root n=ansible | TASK [Attempt to wait for SSH port to be ready] ******************************************************************************************************************************************************
2024-07-15 21:25:34,170 p=336221 u=root n=ansible | ok: [gold-empty-client -> localhost]
2024-07-15 21:25:34,176 p=336221 u=root n=ansible | TASK [Ping each host to verify connectivity] *********************************************************************************************************************************************************
2024-07-15 21:25:42,936 p=336221 u=root n=ansible | ok: [gold-empty-client]
2024-07-15 21:25:42,942 p=336221 u=root n=ansible | TASK [Fail if ping does not succeed] *****************************************************************************************************************************************************************
2024-07-15 21:25:42,955 p=336221 u=root n=ansible | skipping: [gold-empty-client]
2024-07-15 21:25:42,960 p=336221 u=root n=ansible | TASK [Gather facts] **********************************************************************************************************************************************************************************
2024-07-15 21:25:56,544 p=336221 u=root n=ansible | ok: [gold-empty-client]
2024-07-15 21:25:56,553 p=336221 u=root n=ansible | TASK [Check firewall status] *************************************************************************************************************************************************************************
2024-07-15 21:26:05,828 p=336221 u=root n=ansible | ok: [gold-empty-client]
2024-07-15 21:26:05,841 p=336221 u=root n=ansible | TASK [Check SELinux status] **************************************************************************************************************************************************************************
2024-07-15 21:26:08,537 p=336221 u=root n=ansible | ok: [gold-empty-client]
2024-07-15 21:26:08,549 p=336221 u=root n=ansible | TASK [Debug SELinux status] **************************************************************************************************************************************************************************
2024-07-15 21:26:08,566 p=336221 u=root n=ansible | ok: [gold-empty-client] => {}

MSG:

SELinux status: Disabled

2024-07-15 21:26:08,578 p=336221 u=root n=ansible | TASK [Disable SELinux if it is Enforcing or Permissive] **********************************************************************************************************************************************
2024-07-15 21:26:08,590 p=336221 u=root n=ansible | skipping: [gold-empty-client]
2024-07-15 21:26:08,602 p=336221 u=root n=ansible | TASK [Set SELinux to disabled immediately] ***********************************************************************************************************************************************************
2024-07-15 21:26:08,614 p=336221 u=root n=ansible | skipping: [gold-empty-client]
2024-07-15 21:26:08,626 p=336221 u=root n=ansible | TASK [Ensure disable_selinux is defined] *************************************************************************************************************************************************************
2024-07-15 21:26:08,658 p=336221 u=root n=ansible | ok: [gold-empty-client]
2024-07-15 21:26:08,670 p=336221 u=root n=ansible | TASK [Ensure setenforce_result is defined] ***********************************************************************************************************************************************************
2024-07-15 21:26:08,704 p=336221 u=root n=ansible | ok: [gold-empty-client]
2024-07-15 21:26:08,717 p=336221 u=root n=ansible | TASK [Check firewall status] *************************************************************************************************************************************************************************
2024-07-15 21:26:27,916 p=336221 u=root n=ansible | ok: [gold-empty-client]
2024-07-15 21:26:27,928 p=336221 u=root n=ansible | TASK [Debug - Print firewall status] *****************************************************************************************************************************************************************
2024-07-15 21:26:27,946 p=336221 u=root n=ansible | ok: [gold-empty-client] => {}

MSG:

Firewall status: not found

2024-07-15 21:26:27,959 p=336221 u=root n=ansible | TASK [Stop and disable firewall if it is running] ****************************************************************************************************************************************************
2024-07-15 21:26:27,974 p=336221 u=root n=ansible | skipping: [gold-empty-client]
2024-07-15 21:26:28,010 p=336221 u=root n=ansible | TASK [Ensure firewall_status is defined] *************************************************************************************************************************************************************
2024-07-15 21:26:28,043 p=336221 u=root n=ansible | ok: [gold-empty-client]
2024-07-15 21:26:28,055 p=336221 u=root n=ansible | TASK [Reboot if SELinux or firewall was changed] *****************************************************************************************************************************************************
2024-07-15 21:26:28,068 p=336221 u=root n=ansible | skipping: [gold-empty-client]
2024-07-15 21:26:28,080 p=336221 u=root n=ansible | TASK [Wait for ssh after changing selinux setting] ***************************************************************************************************************************************************
2024-07-15 21:26:28,096 p=336221 u=root n=ansible | skipping: [gold-empty-client]
2024-07-15 21:26:28,108 p=336221 u=root n=ansible | TASK [Verify SELinux is disabled after reboot] *******************************************************************************************************************************************************
2024-07-15 21:26:40,736 p=336221 u=root n=ansible | ok: [gold-empty-client]
2024-07-15 21:26:40,749 p=336221 u=root n=ansible | TASK [Assert SELinux is disabled] ********************************************************************************************************************************************************************
2024-07-15 21:26:40,766 p=336221 u=root n=ansible | ok: [gold-empty-client] => {
    "changed": false
}

MSG:

All assertions passed

2024-07-15 21:26:40,778 p=336221 u=root n=ansible | TASK [Verify firewall status after reboot] ***********************************************************************************************************************************************************
2024-07-15 21:26:44,891 p=336221 u=root n=ansible | ok: [gold-empty-client]
2024-07-15 21:26:44,905 p=336221 u=root n=ansible | TASK [Assert firewall is stopped] ********************************************************************************************************************************************************************
2024-07-15 21:26:44,946 p=336221 u=root n=ansible | ok: [gold-empty-client] => {
    "changed": false
}

MSG:

All assertions passed

2024-07-15 21:26:44,969 p=336221 u=root n=ansible | PLAY RECAP *******************************************************************************************************************************************************************************************
2024-07-15 21:26:44,970 p=336221 u=root n=ansible | gold-empty-client          : ok=18   changed=0    unreachable=0    failed=0    skipped=6    rescued=0    ignored=0   
2024-07-15 21:30:42,171 p=336611 u=root n=ansible | PLAY [Disable firewall and selinux] ******************************************************************************************************************************************************************
2024-07-15 21:30:42,185 p=336611 u=root n=ansible | TASK [Include wait_ssh task] *************************************************************************************************************************************************************************
2024-07-15 21:30:42,202 p=336611 u=root n=ansible | included: /home/jbent/tassi/scripts/ansible/wait_ssh.yaml for gold-empty-client
2024-07-15 21:30:42,209 p=336611 u=root n=ansible | TASK [Initialize variables] **************************************************************************************************************************************************************************
2024-07-15 21:30:42,222 p=336611 u=root n=ansible | ok: [gold-empty-client]
2024-07-15 21:30:42,226 p=336611 u=root n=ansible | TASK [Loop to check SSH and possibly reboot VM] ******************************************************************************************************************************************************
2024-07-15 21:30:42,242 p=336611 u=root n=ansible | included: /home/jbent/tassi/scripts/ansible/retry_ssh.yaml for gold-empty-client
2024-07-15 21:30:42,252 p=336611 u=root n=ansible | TASK [Attempt to wait for SSH port to be ready] ******************************************************************************************************************************************************
2024-07-15 21:30:52,863 p=336611 u=root n=ansible | ok: [gold-empty-client -> localhost]
2024-07-15 21:30:52,869 p=336611 u=root n=ansible | TASK [Ping each host to verify connectivity] *********************************************************************************************************************************************************
2024-07-15 21:30:54,763 p=336611 u=root n=ansible |  [ERROR]: User interrupted execution

2024-07-15 21:31:08,887 p=336717 u=root n=ansible | PLAY [Disable firewall and selinux] ******************************************************************************************************************************************************************
2024-07-15 21:31:08,902 p=336717 u=root n=ansible | TASK [Include wait_ssh task] *************************************************************************************************************************************************************************
2024-07-15 21:31:08,917 p=336717 u=root n=ansible | included: /home/jbent/tassi/scripts/ansible/wait_ssh.yaml for gold-empty-client
2024-07-15 21:31:08,925 p=336717 u=root n=ansible | TASK [Initialize variables] **************************************************************************************************************************************************************************
2024-07-15 21:31:08,937 p=336717 u=root n=ansible | ok: [gold-empty-client]
2024-07-15 21:31:08,942 p=336717 u=root n=ansible | TASK [Loop to check SSH and possibly reboot VM] ******************************************************************************************************************************************************
2024-07-15 21:31:08,958 p=336717 u=root n=ansible | included: /home/jbent/tassi/scripts/ansible/retry_ssh.yaml for gold-empty-client
2024-07-15 21:31:08,968 p=336717 u=root n=ansible | TASK [Attempt to wait for SSH port to be ready] ******************************************************************************************************************************************************
2024-07-15 21:36:11,055 p=336717 u=root n=ansible | fatal: [gold-empty-client -> localhost]: FAILED! => {
    "changed": false,
    "elapsed": 301
}

MSG:

Timeout when waiting for gold-empty-client:22

2024-07-15 21:36:11,061 p=336717 u=root n=ansible | TASK [fail] ******************************************************************************************************************************************************************************************
2024-07-15 21:36:11,094 p=336717 u=root n=ansible | fatal: [gold-empty-client]: FAILED! => {}

MSG:

The conditional check 'retry_count | int == max_retries' failed. The error was: error while evaluating conditional (retry_count | int == max_retries): 'retry_count' is undefined

The error appears to be in '/home/jbent/tassi/scripts/ansible/retry_ssh.yaml': line 13, column 7, but may
be elsewhere in the file depending on the exact syntax problem.

The offending line appears to be:

  rescue:
    - fail:
      ^ here


2024-07-15 21:36:11,095 p=336717 u=root n=ansible | NO MORE HOSTS LEFT ***********************************************************************************************************************************************************************************
2024-07-15 21:36:11,096 p=336717 u=root n=ansible | PLAY RECAP *******************************************************************************************************************************************************************************************
2024-07-15 21:36:11,096 p=336717 u=root n=ansible | gold-empty-client          : ok=3    changed=0    unreachable=0    failed=1    skipped=0    rescued=1    ignored=0   
2024-07-15 21:40:07,462 p=337185 u=root n=ansible | PLAY [Disable firewall and selinux] ******************************************************************************************************************************************************************
2024-07-15 21:40:07,477 p=337185 u=root n=ansible | TASK [Include wait_ssh task] *************************************************************************************************************************************************************************
2024-07-15 21:40:07,493 p=337185 u=root n=ansible | included: /home/jbent/tassi/scripts/ansible/wait_ssh.yaml for gold-empty-client
2024-07-15 21:40:07,501 p=337185 u=root n=ansible | TASK [Initialize variables] **************************************************************************************************************************************************************************
2024-07-15 21:40:07,513 p=337185 u=root n=ansible | ok: [gold-empty-client]
2024-07-15 21:40:07,518 p=337185 u=root n=ansible | TASK [Loop to check SSH and possibly reboot VM] ******************************************************************************************************************************************************
2024-07-15 21:40:07,531 p=337185 u=root n=ansible | ERROR! We were unable to read either as JSON nor YAML, these are the errors we got from each:
JSON: Expecting value: line 1 column 1 (char 0)

Syntax Error while loading YAML.
  did not find expected key

The error appears to be in '/home/jbent/tassi/scripts/ansible/retry_ssh.yaml': line 7, column 5, but may
be elsewhere in the file depending on the exact syntax problem.

The offending line appears to be:


    - name: Attempt to wait for SSH port to be ready
    ^ here

2024-07-15 21:42:56,162 p=337349 u=root n=ansible | PLAY [Disable firewall and selinux] ******************************************************************************************************************************************************************
2024-07-15 21:42:56,177 p=337349 u=root n=ansible | TASK [Include wait_ssh task] *************************************************************************************************************************************************************************
2024-07-15 21:42:56,193 p=337349 u=root n=ansible | included: /home/jbent/tassi/scripts/ansible/wait_ssh.yaml for gold-empty-client
2024-07-15 21:42:56,200 p=337349 u=root n=ansible | TASK [Initialize variables] **************************************************************************************************************************************************************************
2024-07-15 21:42:56,212 p=337349 u=root n=ansible | ok: [gold-empty-client]
2024-07-15 21:42:56,217 p=337349 u=root n=ansible | TASK [Loop to check SSH and possibly reboot VM] ******************************************************************************************************************************************************
2024-07-15 21:42:56,230 p=337349 u=root n=ansible | ERROR! We were unable to read either as JSON nor YAML, these are the errors we got from each:
JSON: Expecting value: line 1 column 1 (char 0)

Syntax Error while loading YAML.
  did not find expected key

The error appears to be in '/home/jbent/tassi/scripts/ansible/retry_ssh.yaml': line 7, column 5, but may
be elsewhere in the file depending on the exact syntax problem.

The offending line appears to be:


    - name: Attempt to wait for SSH port to be ready
    ^ here

2024-07-15 21:44:25,209 p=337418 u=root n=ansible | PLAY [Disable firewall and selinux] ******************************************************************************************************************************************************************
2024-07-15 21:44:25,224 p=337418 u=root n=ansible | TASK [Include wait_ssh task] *************************************************************************************************************************************************************************
2024-07-15 21:44:25,240 p=337418 u=root n=ansible | included: /home/jbent/tassi/scripts/ansible/wait_ssh.yaml for gold-empty-client
2024-07-15 21:44:25,248 p=337418 u=root n=ansible | TASK [Initialize variables] **************************************************************************************************************************************************************************
2024-07-15 21:44:25,260 p=337418 u=root n=ansible | ok: [gold-empty-client]
2024-07-15 21:44:25,264 p=337418 u=root n=ansible | TASK [Loop to check SSH and possibly reboot VM] ******************************************************************************************************************************************************
2024-07-15 21:44:25,278 p=337418 u=root n=ansible | ERROR! We were unable to read either as JSON nor YAML, these are the errors we got from each:
JSON: Expecting value: line 1 column 1 (char 0)

Syntax Error while loading YAML.
  did not find expected key

The error appears to be in '/home/jbent/tassi/scripts/ansible/retry_ssh.yaml': line 8, column 5, but may
be elsewhere in the file depending on the exact syntax problem.

The offending line appears to be:


    - name: Attempt to wait for SSH port to be ready
    ^ here

2024-07-15 21:46:07,256 p=337469 u=root n=ansible | PLAY [Disable firewall and selinux] ******************************************************************************************************************************************************************
2024-07-15 21:46:07,271 p=337469 u=root n=ansible | TASK [Include wait_ssh task] *************************************************************************************************************************************************************************
2024-07-15 21:46:07,287 p=337469 u=root n=ansible | included: /home/jbent/tassi/scripts/ansible/wait_ssh.yaml for gold-empty-client
2024-07-15 21:46:07,295 p=337469 u=root n=ansible | TASK [Initialize variables] **************************************************************************************************************************************************************************
2024-07-15 21:46:07,307 p=337469 u=root n=ansible | ok: [gold-empty-client]
2024-07-15 21:46:07,312 p=337469 u=root n=ansible | TASK [Loop to check SSH and possibly reboot VM] ******************************************************************************************************************************************************
2024-07-15 21:46:07,328 p=337469 u=root n=ansible | included: /home/jbent/tassi/scripts/ansible/retry_ssh.yaml for gold-empty-client
2024-07-15 21:46:07,333 p=337469 u=root n=ansible | TASK [Increment the retry count] *********************************************************************************************************************************************************************
2024-07-15 21:46:07,367 p=337469 u=root n=ansible | ok: [gold-empty-client]
2024-07-15 21:46:07,376 p=337469 u=root n=ansible | TASK [Attempt to wait for SSH port to be ready] ******************************************************************************************************************************************************
2024-07-15 21:46:17,776 p=337469 u=root n=ansible | fatal: [gold-empty-client -> localhost]: FAILED! => {
    "changed": false,
    "elapsed": 10
}

MSG:

Timeout when waiting for gold-empty-client:22

2024-07-15 21:46:17,781 p=337469 u=root n=ansible | TASK [fail] ******************************************************************************************************************************************************************************************
2024-07-15 21:46:17,812 p=337469 u=root n=ansible | skipping: [gold-empty-client]
2024-07-15 21:46:17,818 p=337469 u=root n=ansible | TASK [debug] *****************************************************************************************************************************************************************************************
2024-07-15 21:46:17,832 p=337469 u=root n=ansible | ok: [gold-empty-client] => {}

MSG:

Task Group failed, let's give it another shot

2024-07-15 21:46:17,841 p=337469 u=root n=ansible | TASK [Restart VM using virsh] ************************************************************************************************************************************************************************
2024-07-15 21:46:18,268 p=337469 u=root n=ansible | fatal: [gold-empty-client -> localhost]: FAILED! => {
    "changed": true,
    "cmd": [
        "virsh",
        "reboot",
        "gold-empty-client"
    ],
    "delta": "0:00:00.044888",
    "end": "2024-07-15 21:46:18.244944",
    "rc": 1,
    "start": "2024-07-15 21:46:18.200056"
}

STDERR:

error: Failed to reboot domain 'gold-empty-client'
error: Requested operation is not valid: domain is not running


MSG:

non-zero return code

2024-07-15 21:46:18,268 p=337469 u=root n=ansible | ...ignoring
2024-07-15 21:46:18,275 p=337469 u=root n=ansible | TASK [Pause for 60 seconds] **************************************************************************************************************************************************************************
2024-07-15 21:46:18,287 p=337534 u=root n=ansible | Pausing for 60 seconds
2024-07-15 21:46:18,287 p=337534 u=root n=ansible | (ctrl+C then 'C' = continue early, ctrl+C then 'A' = abort)
2024-07-15 21:47:18,290 p=337469 u=root n=ansible | ok: [gold-empty-client]
2024-07-15 21:47:18,296 p=337469 u=root n=ansible | TASK [include_tasks] *********************************************************************************************************************************************************************************
2024-07-15 21:47:18,314 p=337469 u=root n=ansible | included: /home/jbent/tassi/scripts/ansible/retry_ssh.yaml for gold-empty-client
2024-07-15 21:47:18,322 p=337469 u=root n=ansible | TASK [Increment the retry count] *********************************************************************************************************************************************************************
2024-07-15 21:47:18,359 p=337469 u=root n=ansible | ok: [gold-empty-client]
2024-07-15 21:47:18,367 p=337469 u=root n=ansible | TASK [Attempt to wait for SSH port to be ready] ******************************************************************************************************************************************************
2024-07-15 21:47:28,621 p=337469 u=root n=ansible | fatal: [gold-empty-client -> localhost]: FAILED! => {
    "changed": false,
    "elapsed": 10
}

MSG:

Timeout when waiting for gold-empty-client:22

2024-07-15 21:47:28,627 p=337469 u=root n=ansible | TASK [fail] ******************************************************************************************************************************************************************************************
2024-07-15 21:47:28,658 p=337469 u=root n=ansible | skipping: [gold-empty-client]
2024-07-15 21:47:28,664 p=337469 u=root n=ansible | TASK [debug] *****************************************************************************************************************************************************************************************
2024-07-15 21:47:28,677 p=337469 u=root n=ansible | ok: [gold-empty-client] => {}

MSG:

Task Group failed, let's give it another shot

2024-07-15 21:47:28,686 p=337469 u=root n=ansible | TASK [Restart VM using virsh] ************************************************************************************************************************************************************************
2024-07-15 21:47:28,964 p=337469 u=root n=ansible | fatal: [gold-empty-client -> localhost]: FAILED! => {
    "changed": true,
    "cmd": [
        "virsh",
        "reboot",
        "gold-empty-client"
    ],
    "delta": "0:00:00.044427",
    "end": "2024-07-15 21:47:28.941411",
    "rc": 1,
    "start": "2024-07-15 21:47:28.896984"
}

STDERR:

error: Failed to reboot domain 'gold-empty-client'
error: Requested operation is not valid: domain is not running


MSG:

non-zero return code

2024-07-15 21:47:28,964 p=337469 u=root n=ansible | ...ignoring
2024-07-15 21:47:28,969 p=337469 u=root n=ansible | TASK [Pause for 60 seconds] **************************************************************************************************************************************************************************
2024-07-15 21:47:28,980 p=337640 u=root n=ansible | Pausing for 60 seconds
2024-07-15 21:47:28,980 p=337640 u=root n=ansible | (ctrl+C then 'C' = continue early, ctrl+C then 'A' = abort)
2024-07-15 21:48:28,982 p=337469 u=root n=ansible | ok: [gold-empty-client]
2024-07-15 21:48:28,987 p=337469 u=root n=ansible | TASK [include_tasks] *********************************************************************************************************************************************************************************
2024-07-15 21:48:29,005 p=337469 u=root n=ansible | included: /home/jbent/tassi/scripts/ansible/retry_ssh.yaml for gold-empty-client
2024-07-15 21:48:29,014 p=337469 u=root n=ansible | TASK [Increment the retry count] *********************************************************************************************************************************************************************
2024-07-15 21:48:29,050 p=337469 u=root n=ansible | ok: [gold-empty-client]
2024-07-15 21:48:29,059 p=337469 u=root n=ansible | TASK [Attempt to wait for SSH port to be ready] ******************************************************************************************************************************************************
2024-07-15 21:48:39,471 p=337469 u=root n=ansible | fatal: [gold-empty-client -> localhost]: FAILED! => {
    "changed": false,
    "elapsed": 10
}

MSG:

Timeout when waiting for gold-empty-client:22

2024-07-15 21:48:39,476 p=337469 u=root n=ansible | TASK [fail] ******************************************************************************************************************************************************************************************
2024-07-15 21:48:39,507 p=337469 u=root n=ansible | skipping: [gold-empty-client]
2024-07-15 21:48:39,512 p=337469 u=root n=ansible | TASK [debug] *****************************************************************************************************************************************************************************************
2024-07-15 21:48:39,524 p=337469 u=root n=ansible | ok: [gold-empty-client] => {}

MSG:

Task Group failed, let's give it another shot

2024-07-15 21:48:39,532 p=337469 u=root n=ansible | TASK [Restart VM using virsh] ************************************************************************************************************************************************************************
2024-07-15 21:48:39,967 p=337469 u=root n=ansible | fatal: [gold-empty-client -> localhost]: FAILED! => {
    "changed": true,
    "cmd": [
        "virsh",
        "reboot",
        "gold-empty-client"
    ],
    "delta": "0:00:00.044183",
    "end": "2024-07-15 21:48:39.943138",
    "rc": 1,
    "start": "2024-07-15 21:48:39.898955"
}

STDERR:

error: Failed to reboot domain 'gold-empty-client'
error: Requested operation is not valid: domain is not running


MSG:

non-zero return code

2024-07-15 21:48:39,967 p=337469 u=root n=ansible | ...ignoring
2024-07-15 21:48:39,972 p=337469 u=root n=ansible | TASK [Pause for 60 seconds] **************************************************************************************************************************************************************************
2024-07-15 21:48:39,983 p=337757 u=root n=ansible | Pausing for 60 seconds
2024-07-15 21:48:39,984 p=337757 u=root n=ansible | (ctrl+C then 'C' = continue early, ctrl+C then 'A' = abort)
2024-07-15 21:49:39,987 p=337469 u=root n=ansible | ok: [gold-empty-client]
2024-07-15 21:49:39,994 p=337469 u=root n=ansible | TASK [include_tasks] *********************************************************************************************************************************************************************************
2024-07-15 21:49:40,012 p=337469 u=root n=ansible | included: /home/jbent/tassi/scripts/ansible/retry_ssh.yaml for gold-empty-client
2024-07-15 21:49:40,022 p=337469 u=root n=ansible | TASK [Increment the retry count] *********************************************************************************************************************************************************************
2024-07-15 21:49:40,059 p=337469 u=root n=ansible | ok: [gold-empty-client]
2024-07-15 21:49:40,067 p=337469 u=root n=ansible | TASK [Attempt to wait for SSH port to be ready] ******************************************************************************************************************************************************
2024-07-15 21:49:50,478 p=337469 u=root n=ansible | fatal: [gold-empty-client -> localhost]: FAILED! => {
    "changed": false,
    "elapsed": 10
}

MSG:

Timeout when waiting for gold-empty-client:22

2024-07-15 21:49:50,484 p=337469 u=root n=ansible | TASK [fail] ******************************************************************************************************************************************************************************************
2024-07-15 21:49:50,519 p=337469 u=root n=ansible | fatal: [gold-empty-client]: FAILED! => {
    "changed": false
}

MSG:

Maximum retries of grouped tasks reached

2024-07-15 21:49:50,520 p=337469 u=root n=ansible | NO MORE HOSTS LEFT ***********************************************************************************************************************************************************************************
2024-07-15 21:49:50,521 p=337469 u=root n=ansible | PLAY RECAP *******************************************************************************************************************************************************************************************
2024-07-15 21:49:50,522 p=337469 u=root n=ansible | gold-empty-client          : ok=19   changed=3    unreachable=0    failed=1    skipped=3    rescued=4    ignored=3   
2024-07-15 21:50:21,886 p=337875 u=root n=ansible | PLAY [Disable firewall and selinux] ******************************************************************************************************************************************************************
2024-07-15 21:50:21,901 p=337875 u=root n=ansible | TASK [Include wait_ssh task] *************************************************************************************************************************************************************************
2024-07-15 21:50:21,917 p=337875 u=root n=ansible | included: /home/jbent/tassi/scripts/ansible/wait_ssh.yaml for gold-empty-client
2024-07-15 21:50:21,924 p=337875 u=root n=ansible | TASK [Initialize variables] **************************************************************************************************************************************************************************
2024-07-15 21:50:21,937 p=337875 u=root n=ansible | ok: [gold-empty-client]
2024-07-15 21:50:21,941 p=337875 u=root n=ansible | TASK [Loop to check SSH and possibly reboot VM] ******************************************************************************************************************************************************
2024-07-15 21:50:21,958 p=337875 u=root n=ansible | included: /home/jbent/tassi/scripts/ansible/retry_ssh.yaml for gold-empty-client
2024-07-15 21:50:21,964 p=337875 u=root n=ansible | TASK [Increment the retry count] *********************************************************************************************************************************************************************
2024-07-15 21:50:21,998 p=337875 u=root n=ansible | ok: [gold-empty-client]
2024-07-15 21:50:22,007 p=337875 u=root n=ansible | TASK [Attempt to wait for SSH port to be ready] ******************************************************************************************************************************************************
2024-07-15 21:50:32,567 p=337875 u=root n=ansible | fatal: [gold-empty-client -> localhost]: FAILED! => {
    "changed": false,
    "elapsed": 10
}

MSG:

Timeout when waiting for gold-empty-client:22

2024-07-15 21:50:32,573 p=337875 u=root n=ansible | TASK [fail] ******************************************************************************************************************************************************************************************
2024-07-15 21:50:32,604 p=337875 u=root n=ansible | skipping: [gold-empty-client]
2024-07-15 21:50:32,609 p=337875 u=root n=ansible | TASK [debug] *****************************************************************************************************************************************************************************************
2024-07-15 21:50:32,621 p=337875 u=root n=ansible | ok: [gold-empty-client] => {}

MSG:

Task Group failed, let's give it another shot

2024-07-15 21:50:32,629 p=337875 u=root n=ansible | TASK [Check if VM is running] ************************************************************************************************************************************************************************
2024-07-15 21:50:33,052 p=337875 u=root n=ansible | changed: [gold-empty-client -> localhost]
2024-07-15 21:50:33,061 p=337875 u=root n=ansible | TASK [Restart VM using virsh if running] *************************************************************************************************************************************************************
2024-07-15 21:50:33,074 p=337875 u=root n=ansible | skipping: [gold-empty-client]
2024-07-15 21:50:33,083 p=337875 u=root n=ansible | TASK [Start VM using virsh if not running] ***********************************************************************************************************************************************************
2024-07-15 21:50:33,982 p=337875 u=root n=ansible | changed: [gold-empty-client -> localhost]
2024-07-15 21:50:33,987 p=337875 u=root n=ansible | TASK [Pause for 60 seconds] **************************************************************************************************************************************************************************
2024-07-15 21:50:34,001 p=338013 u=root n=ansible | Pausing for 60 seconds
2024-07-15 21:50:34,001 p=338013 u=root n=ansible | (ctrl+C then 'C' = continue early, ctrl+C then 'A' = abort)
2024-07-15 21:51:34,004 p=337875 u=root n=ansible | ok: [gold-empty-client]
2024-07-15 21:51:34,010 p=337875 u=root n=ansible | TASK [include_tasks] *********************************************************************************************************************************************************************************
2024-07-15 21:51:34,029 p=337875 u=root n=ansible | included: /home/jbent/tassi/scripts/ansible/retry_ssh.yaml for gold-empty-client
2024-07-15 21:51:34,038 p=337875 u=root n=ansible | TASK [Increment the retry count] *********************************************************************************************************************************************************************
2024-07-15 21:51:34,074 p=337875 u=root n=ansible | ok: [gold-empty-client]
2024-07-15 21:51:34,083 p=337875 u=root n=ansible | TASK [Attempt to wait for SSH port to be ready] ******************************************************************************************************************************************************
2024-07-15 21:51:44,495 p=337875 u=root n=ansible | fatal: [gold-empty-client -> localhost]: FAILED! => {
    "changed": false,
    "elapsed": 10
}

MSG:

Timeout when waiting for gold-empty-client:22

2024-07-15 21:51:44,500 p=337875 u=root n=ansible | TASK [fail] ******************************************************************************************************************************************************************************************
2024-07-15 21:51:44,531 p=337875 u=root n=ansible | skipping: [gold-empty-client]
2024-07-15 21:51:44,536 p=337875 u=root n=ansible | TASK [debug] *****************************************************************************************************************************************************************************************
2024-07-15 21:51:44,548 p=337875 u=root n=ansible | ok: [gold-empty-client] => {}

MSG:

Task Group failed, let's give it another shot

2024-07-15 21:51:44,556 p=337875 u=root n=ansible | TASK [Check if VM is running] ************************************************************************************************************************************************************************
2024-07-15 21:51:44,995 p=337875 u=root n=ansible | changed: [gold-empty-client -> localhost]
2024-07-15 21:51:45,003 p=337875 u=root n=ansible | TASK [Restart VM using virsh if running] *************************************************************************************************************************************************************
2024-07-15 21:51:45,280 p=337875 u=root n=ansible | changed: [gold-empty-client -> localhost]
2024-07-15 21:51:45,289 p=337875 u=root n=ansible | TASK [Start VM using virsh if not running] ***********************************************************************************************************************************************************
2024-07-15 21:51:45,307 p=337875 u=root n=ansible | skipping: [gold-empty-client]
2024-07-15 21:51:45,312 p=337875 u=root n=ansible | TASK [Pause for 60 seconds] **************************************************************************************************************************************************************************
2024-07-15 21:51:45,324 p=338161 u=root n=ansible | Pausing for 60 seconds
2024-07-15 21:51:45,325 p=338161 u=root n=ansible | (ctrl+C then 'C' = continue early, ctrl+C then 'A' = abort)
2024-07-15 21:52:45,327 p=337875 u=root n=ansible | ok: [gold-empty-client]
2024-07-15 21:52:45,332 p=337875 u=root n=ansible | TASK [include_tasks] *********************************************************************************************************************************************************************************
2024-07-15 21:52:45,350 p=337875 u=root n=ansible | included: /home/jbent/tassi/scripts/ansible/retry_ssh.yaml for gold-empty-client
2024-07-15 21:52:45,361 p=337875 u=root n=ansible | TASK [Increment the retry count] *********************************************************************************************************************************************************************
2024-07-15 21:52:45,396 p=337875 u=root n=ansible | ok: [gold-empty-client]
2024-07-15 21:52:45,404 p=337875 u=root n=ansible | TASK [Attempt to wait for SSH port to be ready] ******************************************************************************************************************************************************
2024-07-15 21:52:55,653 p=337875 u=root n=ansible | fatal: [gold-empty-client -> localhost]: FAILED! => {
    "changed": false,
    "elapsed": 10
}

MSG:

Timeout when waiting for gold-empty-client:22

2024-07-15 21:52:55,658 p=337875 u=root n=ansible | TASK [fail] ******************************************************************************************************************************************************************************************
2024-07-15 21:52:55,688 p=337875 u=root n=ansible | skipping: [gold-empty-client]
2024-07-15 21:52:55,693 p=337875 u=root n=ansible | TASK [debug] *****************************************************************************************************************************************************************************************
2024-07-15 21:52:55,704 p=337875 u=root n=ansible | ok: [gold-empty-client] => {}

MSG:

Task Group failed, let's give it another shot

2024-07-15 21:52:55,712 p=337875 u=root n=ansible | TASK [Check if VM is running] ************************************************************************************************************************************************************************
2024-07-15 21:52:56,148 p=337875 u=root n=ansible | changed: [gold-empty-client -> localhost]
2024-07-15 21:52:56,156 p=337875 u=root n=ansible | TASK [Restart VM using virsh if running] *************************************************************************************************************************************************************
2024-07-15 21:52:56,434 p=337875 u=root n=ansible | changed: [gold-empty-client -> localhost]
2024-07-15 21:52:56,443 p=337875 u=root n=ansible | TASK [Start VM using virsh if not running] ***********************************************************************************************************************************************************
2024-07-15 21:52:56,458 p=337875 u=root n=ansible | skipping: [gold-empty-client]
2024-07-15 21:52:56,463 p=337875 u=root n=ansible | TASK [Pause for 60 seconds] **************************************************************************************************************************************************************************
2024-07-15 21:52:56,474 p=338305 u=root n=ansible | Pausing for 60 seconds
2024-07-15 21:52:56,474 p=338305 u=root n=ansible | (ctrl+C then 'C' = continue early, ctrl+C then 'A' = abort)
2024-07-15 21:53:56,479 p=337875 u=root n=ansible | ok: [gold-empty-client]
2024-07-15 21:53:56,484 p=337875 u=root n=ansible | TASK [include_tasks] *********************************************************************************************************************************************************************************
2024-07-15 21:53:56,504 p=337875 u=root n=ansible | included: /home/jbent/tassi/scripts/ansible/retry_ssh.yaml for gold-empty-client
2024-07-15 21:53:56,516 p=337875 u=root n=ansible | TASK [Increment the retry count] *********************************************************************************************************************************************************************
2024-07-15 21:53:56,552 p=337875 u=root n=ansible | ok: [gold-empty-client]
2024-07-15 21:53:56,561 p=337875 u=root n=ansible | TASK [Attempt to wait for SSH port to be ready] ******************************************************************************************************************************************************
2024-07-15 21:54:06,968 p=337875 u=root n=ansible | fatal: [gold-empty-client -> localhost]: FAILED! => {
    "changed": false,
    "elapsed": 10
}

MSG:

Timeout when waiting for gold-empty-client:22

2024-07-15 21:54:06,973 p=337875 u=root n=ansible | TASK [fail] ******************************************************************************************************************************************************************************************
2024-07-15 21:54:07,009 p=337875 u=root n=ansible | fatal: [gold-empty-client]: FAILED! => {
    "changed": false
}

MSG:

Maximum retries of ssh reached

2024-07-15 21:54:07,009 p=337875 u=root n=ansible | NO MORE HOSTS LEFT ***********************************************************************************************************************************************************************************
2024-07-15 21:54:07,010 p=337875 u=root n=ansible | PLAY RECAP *******************************************************************************************************************************************************************************************
2024-07-15 21:54:07,010 p=337875 u=root n=ansible | gold-empty-client          : ok=22   changed=6    unreachable=0    failed=1    skipped=6    rescued=4    ignored=0   
2024-07-15 22:02:19,897 p=338878 u=root n=ansible | PLAY [Disable firewall and selinux] ******************************************************************************************************************************************************************
2024-07-15 22:02:19,912 p=338878 u=root n=ansible | TASK [Include wait_ssh task] *************************************************************************************************************************************************************************
2024-07-15 22:02:19,928 p=338878 u=root n=ansible | included: /home/jbent/tassi/scripts/ansible/wait_ssh.yaml for gold-empty-client
2024-07-15 22:02:19,936 p=338878 u=root n=ansible | TASK [Initialize variables] **************************************************************************************************************************************************************************
2024-07-15 22:02:19,948 p=338878 u=root n=ansible | ok: [gold-empty-client]
2024-07-15 22:02:19,953 p=338878 u=root n=ansible | TASK [Loop to check SSH and possibly reboot VM] ******************************************************************************************************************************************************
2024-07-15 22:02:19,970 p=338878 u=root n=ansible | included: /home/jbent/tassi/scripts/ansible/retry_ssh.yaml for gold-empty-client
2024-07-15 22:02:19,976 p=338878 u=root n=ansible | TASK [Increment the retry count] *********************************************************************************************************************************************************************
2024-07-15 22:02:20,010 p=338878 u=root n=ansible | ok: [gold-empty-client]
2024-07-15 22:02:20,018 p=338878 u=root n=ansible | TASK [Attempt to wait for SSH port to be ready] ******************************************************************************************************************************************************
2024-07-15 22:02:30,462 p=338878 u=root n=ansible | ok: [gold-empty-client -> localhost]
2024-07-15 22:02:30,467 p=338878 u=root n=ansible | TASK [Ping each host to verify connectivity] *********************************************************************************************************************************************************
2024-07-15 22:02:44,410 p=338878 u=root n=ansible | ok: [gold-empty-client]
2024-07-15 22:02:44,416 p=338878 u=root n=ansible | TASK [Fail if ping does not succeed] *****************************************************************************************************************************************************************
2024-07-15 22:02:44,430 p=338878 u=root n=ansible | skipping: [gold-empty-client]
2024-07-15 22:02:44,435 p=338878 u=root n=ansible | TASK [Gather facts] **********************************************************************************************************************************************************************************
2024-07-15 22:02:47,896 p=338878 u=root n=ansible | ok: [gold-empty-client]
2024-07-15 22:02:47,905 p=338878 u=root n=ansible | TASK [Check firewall status] *************************************************************************************************************************************************************************
2024-07-15 22:03:02,259 p=338878 u=root n=ansible | ok: [gold-empty-client]
2024-07-15 22:03:02,271 p=338878 u=root n=ansible | TASK [Check SELinux status] **************************************************************************************************************************************************************************
2024-07-15 22:03:15,042 p=338878 u=root n=ansible | ok: [gold-empty-client]
2024-07-15 22:03:15,055 p=338878 u=root n=ansible | TASK [Debug SELinux status] **************************************************************************************************************************************************************************
2024-07-15 22:03:15,072 p=338878 u=root n=ansible | ok: [gold-empty-client] => {}

MSG:

SELinux status: Disabled

2024-07-15 22:03:15,084 p=338878 u=root n=ansible | TASK [Disable SELinux if it is Enforcing or Permissive] **********************************************************************************************************************************************
2024-07-15 22:03:15,097 p=338878 u=root n=ansible | skipping: [gold-empty-client]
2024-07-15 22:03:15,109 p=338878 u=root n=ansible | TASK [Set SELinux to disabled immediately] ***********************************************************************************************************************************************************
2024-07-15 22:03:15,121 p=338878 u=root n=ansible | skipping: [gold-empty-client]
2024-07-15 22:03:15,133 p=338878 u=root n=ansible | TASK [Ensure disable_selinux is defined] *************************************************************************************************************************************************************
2024-07-15 22:03:15,165 p=338878 u=root n=ansible | ok: [gold-empty-client]
2024-07-15 22:03:15,177 p=338878 u=root n=ansible | TASK [Ensure setenforce_result is defined] ***********************************************************************************************************************************************************
2024-07-15 22:03:15,209 p=338878 u=root n=ansible | ok: [gold-empty-client]
2024-07-15 22:03:15,221 p=338878 u=root n=ansible | TASK [Check firewall status] *************************************************************************************************************************************************************************
2024-07-15 22:03:29,354 p=338878 u=root n=ansible | ok: [gold-empty-client]
2024-07-15 22:03:29,365 p=338878 u=root n=ansible | TASK [Debug - Print firewall status] *****************************************************************************************************************************************************************
2024-07-15 22:03:29,384 p=338878 u=root n=ansible | ok: [gold-empty-client] => {}

MSG:

Firewall status: not found

2024-07-15 22:03:29,396 p=338878 u=root n=ansible | TASK [Stop and disable firewall if it is running] ****************************************************************************************************************************************************
2024-07-15 22:03:29,412 p=338878 u=root n=ansible | skipping: [gold-empty-client]
2024-07-15 22:03:29,424 p=338878 u=root n=ansible | TASK [Ensure firewall_status is defined] *************************************************************************************************************************************************************
2024-07-15 22:03:29,456 p=338878 u=root n=ansible | ok: [gold-empty-client]
2024-07-15 22:03:29,468 p=338878 u=root n=ansible | TASK [Reboot if SELinux or firewall was changed] *****************************************************************************************************************************************************
2024-07-15 22:03:29,481 p=338878 u=root n=ansible | skipping: [gold-empty-client]
2024-07-15 22:03:29,493 p=338878 u=root n=ansible | TASK [Wait for ssh after changing selinux setting] ***************************************************************************************************************************************************
2024-07-15 22:03:29,510 p=338878 u=root n=ansible | skipping: [gold-empty-client]
2024-07-15 22:03:29,523 p=338878 u=root n=ansible | TASK [Verify SELinux is disabled after reboot] *******************************************************************************************************************************************************
2024-07-15 22:03:42,136 p=338878 u=root n=ansible | ok: [gold-empty-client]
2024-07-15 22:03:42,148 p=338878 u=root n=ansible | TASK [Assert SELinux is disabled] ********************************************************************************************************************************************************************
2024-07-15 22:03:42,167 p=338878 u=root n=ansible | ok: [gold-empty-client] => {
    "changed": false
}

MSG:

All assertions passed

2024-07-15 22:03:42,179 p=338878 u=root n=ansible | TASK [Verify firewall status after reboot] ***********************************************************************************************************************************************************
2024-07-15 22:03:46,276 p=338878 u=root n=ansible | ok: [gold-empty-client]
2024-07-15 22:03:46,288 p=338878 u=root n=ansible | TASK [Assert firewall is stopped] ********************************************************************************************************************************************************************
2024-07-15 22:03:46,333 p=338878 u=root n=ansible | ok: [gold-empty-client] => {
    "changed": false
}

MSG:

All assertions passed

2024-07-15 22:03:46,357 p=338878 u=root n=ansible | PLAY RECAP *******************************************************************************************************************************************************************************************
2024-07-15 22:03:46,357 p=338878 u=root n=ansible | gold-empty-client          : ok=19   changed=0    unreachable=0    failed=0    skipped=6    rescued=0    ignored=0   
2024-07-15 22:11:39,892 p=339547 u=root n=ansible | PLAY [Disable firewall and selinux] ******************************************************************************************************************************************************************
2024-07-15 22:11:39,907 p=339547 u=root n=ansible | TASK [Include wait_ssh task] *************************************************************************************************************************************************************************
2024-07-15 22:11:39,922 p=339547 u=root n=ansible | ERROR! no module/action detected in task.

The error appears to be in '/home/jbent/tassi/scripts/ansible/wait_ssh.yaml': line 3, column 3, but may
be elsewhere in the file depending on the exact syntax problem.

The offending line appears to be:

---
- name: Initialize variables
  ^ here

2024-07-15 22:12:24,771 p=339616 u=root n=ansible | PLAY [Disable firewall and selinux] ******************************************************************************************************************************************************************
2024-07-15 22:12:24,786 p=339616 u=root n=ansible | TASK [Include wait_ssh task] *************************************************************************************************************************************************************************
2024-07-15 22:12:24,802 p=339616 u=root n=ansible | included: /home/jbent/tassi/scripts/ansible/wait_ssh.yaml for gold-empty-client
2024-07-15 22:12:24,809 p=339616 u=root n=ansible | TASK [Loop to check SSH and possibly reboot VM] ******************************************************************************************************************************************************
2024-07-15 22:12:24,827 p=339616 u=root n=ansible | included: /home/jbent/tassi/scripts/ansible/retry_ssh.yaml for gold-empty-client
2024-07-15 22:12:24,833 p=339616 u=root n=ansible | TASK [Increment the retry count] *********************************************************************************************************************************************************************
2024-07-15 22:12:24,868 p=339616 u=root n=ansible | ok: [gold-empty-client]
2024-07-15 22:12:24,876 p=339616 u=root n=ansible | TASK [Attempt to wait for SSH port to be ready] ******************************************************************************************************************************************************
2024-07-15 22:12:35,482 p=339616 u=root n=ansible | ok: [gold-empty-client -> localhost]
2024-07-15 22:12:35,488 p=339616 u=root n=ansible | TASK [Ping each host to verify connectivity] *********************************************************************************************************************************************************
2024-07-15 22:12:49,180 p=339616 u=root n=ansible | ok: [gold-empty-client]
2024-07-15 22:12:49,186 p=339616 u=root n=ansible | TASK [Fail if ping does not succeed] *****************************************************************************************************************************************************************
2024-07-15 22:12:49,201 p=339616 u=root n=ansible | skipping: [gold-empty-client]
2024-07-15 22:12:49,206 p=339616 u=root n=ansible | TASK [Gather facts] **********************************************************************************************************************************************************************************
2024-07-15 22:12:52,698 p=339616 u=root n=ansible | ok: [gold-empty-client]
2024-07-15 22:12:52,708 p=339616 u=root n=ansible | TASK [Check SELinux status] **************************************************************************************************************************************************************************
2024-07-15 22:13:05,422 p=339616 u=root n=ansible | ok: [gold-empty-client]
2024-07-15 22:13:05,431 p=339616 u=root n=ansible | TASK [Debug SELinux status] **************************************************************************************************************************************************************************
2024-07-15 22:13:05,448 p=339616 u=root n=ansible | ok: [gold-empty-client] => {}

MSG:

SELinux status: Disabled

2024-07-15 22:13:05,456 p=339616 u=root n=ansible | TASK [Disable SELinux if it is Enforcing or Permissive] **********************************************************************************************************************************************
2024-07-15 22:13:05,469 p=339616 u=root n=ansible | skipping: [gold-empty-client]
2024-07-15 22:13:05,477 p=339616 u=root n=ansible | TASK [Set SELinux to disabled immediately] ***********************************************************************************************************************************************************
2024-07-15 22:13:05,489 p=339616 u=root n=ansible | skipping: [gold-empty-client]
2024-07-15 22:13:05,498 p=339616 u=root n=ansible | TASK [Ensure disable_selinux is defined] *************************************************************************************************************************************************************
2024-07-15 22:13:05,529 p=339616 u=root n=ansible | ok: [gold-empty-client]
2024-07-15 22:13:05,538 p=339616 u=root n=ansible | TASK [Ensure setenforce_result is defined] ***********************************************************************************************************************************************************
2024-07-15 22:13:05,570 p=339616 u=root n=ansible | ok: [gold-empty-client]
2024-07-15 22:13:05,578 p=339616 u=root n=ansible | TASK [Check firewall status] *************************************************************************************************************************************************************************
2024-07-15 22:13:20,076 p=339616 u=root n=ansible | ok: [gold-empty-client]
2024-07-15 22:13:20,088 p=339616 u=root n=ansible | TASK [Debug - Print firewall status] *****************************************************************************************************************************************************************
2024-07-15 22:13:20,108 p=339616 u=root n=ansible | ok: [gold-empty-client] => {}

MSG:

Firewall status: not found

2024-07-15 22:13:20,120 p=339616 u=root n=ansible | TASK [Stop and disable and mask firewall (without mask, it will return after two reboots)] ***********************************************************************************************************
2024-07-15 22:13:20,136 p=339616 u=root n=ansible | skipping: [gold-empty-client]
2024-07-15 22:13:20,147 p=339616 u=root n=ansible | TASK [Ensure firewall_status is defined] *************************************************************************************************************************************************************
2024-07-15 22:13:20,180 p=339616 u=root n=ansible | ok: [gold-empty-client]
2024-07-15 22:13:20,192 p=339616 u=root n=ansible | TASK [Reboot if SELinux or firewall was changed] *****************************************************************************************************************************************************
2024-07-15 22:13:20,205 p=339616 u=root n=ansible | skipping: [gold-empty-client]
2024-07-15 22:13:20,218 p=339616 u=root n=ansible | TASK [Wait for ssh after changing selinux setting] ***************************************************************************************************************************************************
2024-07-15 22:13:20,234 p=339616 u=root n=ansible | skipping: [gold-empty-client]
2024-07-15 22:13:20,246 p=339616 u=root n=ansible | TASK [Verify SELinux is disabled after reboot] *******************************************************************************************************************************************************
2024-07-15 22:13:27,800 p=339616 u=root n=ansible | ok: [gold-empty-client]
2024-07-15 22:13:27,812 p=339616 u=root n=ansible | TASK [Assert SELinux is disabled] ********************************************************************************************************************************************************************
2024-07-15 22:13:27,832 p=339616 u=root n=ansible | ok: [gold-empty-client] => {
    "changed": false
}

MSG:

All assertions passed

2024-07-15 22:13:27,844 p=339616 u=root n=ansible | TASK [Verify firewall status after reboot] ***********************************************************************************************************************************************************
2024-07-15 22:13:41,999 p=339616 u=root n=ansible | ok: [gold-empty-client]
2024-07-15 22:13:42,011 p=339616 u=root n=ansible | TASK [Assert firewall is stopped] ********************************************************************************************************************************************************************
2024-07-15 22:13:42,051 p=339616 u=root n=ansible | ok: [gold-empty-client] => {
    "changed": false
}

MSG:

All assertions passed

2024-07-15 22:13:42,074 p=339616 u=root n=ansible | PLAY RECAP *******************************************************************************************************************************************************************************************
2024-07-15 22:13:42,074 p=339616 u=root n=ansible | gold-empty-client          : ok=17   changed=0    unreachable=0    failed=0    skipped=6    rescued=0    ignored=0   
2024-07-18 03:13:52,749 p=1163216 u=jbent n=ansible | ERROR! the playbook: ansible/install_beegfs_all.yaml could not be found
